path	bytes
ai-generated/aquatic_ga-li-chao-xie.jpg	2279244
ai-generated/aquatic_hong-shao-li-yu.jpg	2748100
ai-generated/aquatic_hong-shao-yu-tou.jpg	2626806
ai-generated/aquatic_hong-shao-yu.jpg	2582334
ai-generated/aquatic_jiang-dun-xie.jpg	2750993
ai-generated/aquatic_qing-zheng-sheng-hao.jpg	2175162
ai-generated/aquatic_rou-xie-bao.jpg	2335619
ai-generated/aquatic_shui-zhu-yu.jpg	2376028
ai-generated/aquatic_wei-bo-cong-jiang-hei-xue-yu.jpg	2232541
ai-generated/aquatic_xiang-you-shan-si.jpg	2843707
ai-generated/breakfast_cha-ye-dan.jpg	2200661
ai-generated/breakfast_dan-jian-ci-ba.jpg	2196938
ai-generated/breakfast_gui-yuan-hong-zao-zhou.jpg	2392171
ai-generated/breakfast_han-guo-ma-yao-ji-dan.jpg	2229195
ai-generated/breakfast_ji-dan-san-ming-zhi.jpg	2239053
ai-generated/breakfast_jian-jiao-de-zuo-fa.jpg	2279393
ai-generated/breakfast_jin-qiang-yu-jiang-san-ming-zhi.jpg	2554788
ai-generated/breakfast_kong-qi-zha-guo-mian-bao-pian.jpg	2779348
ai-generated/breakfast_mei-shi-chao-dan.jpg	1849069
ai-generated/breakfast_niu-nai-yan-mai.jpg	1956841
ai-generated/breakfast_shou-zhua-bing.jpg	2345024
ai-generated/breakfast_shui-zhu-yu-mi.jpg	2324481
ai-generated/breakfast_tai-yang-dan.jpg	1697972
ai-generated/breakfast_tang-xin-dan.jpg	1913141
ai-generated/breakfast_tu-si-guo-jiang-de-zuo-fa.jpg	2152169
ai-generated/breakfast_wan-mei-shui-zhu-dan.jpg	1900841
ai-generated/breakfast_wei-bo-lu-dan-gao.jpg	2067665
ai-generated/breakfast_wei-bo-lu-he-bao-dan.jpg	2122474
ai-generated/breakfast_wei-bo-lu-zheng-dan.jpg	2028587
ai-generated/breakfast_yan-mai-ji-dan-bing.jpg	2500557
ai-generated/breakfast_yi-shi-xiang-chang-bei-fei-dan.jpg	2756156
ai-generated/breakfast_zheng-hua-juan.jpg	2272890
ai-generated/breakfast_zheng-shui-dan.jpg	2015250
ai-generated/condiment_cong-you.jpg	2024836
ai-generated/condiment_jian-yi-ban-chao-tang-se-de-zuo-fa.jpg	1820799
ai-generated/condiment_suan-xiang-jiang-you.jpg	2324245
ai-generated/condiment_tang-cu-zhi.jpg	2167104
ai-generated/condiment_you-su.jpg	2010382
ai-generated/condiment_zha-chuan-jiang-liao.jpg	2559552
ai-generated/dessert_hu-luo-bo-tian-gao.jpg	2633400
ai-generated/drink_b52-hong-zha-ji.jpg	1805401
ai-generated/drink_dong-gua-cha.jpg	2321616
ai-generated/drink_ke-le-tong.jpg	2709361
ai-generated/drink_mojito-mo-ji-tuo.jpg	2142783
ai-generated/drink_nai-cha-de-zuo-fa.jpg	1949277
ai-generated/drink_niu-you-guo-la-xi.jpg	2036198
ai-generated/drink_suan-mei-tang-（-ban-cheng-pin-jia-gong-）.jpg	1877696
ai-generated/drink_yang-zhi-gan-lu.jpg	2089576
ai-generated/drink_yin-du-nai-cha--masala-chai.jpg	2132821
ai-generated/drink_zhang-dao-bing-cha.jpg	2196269
ai-generated/meat_dish_bai-cai-zhu-rou-dun-fen-tiao.jpg	2514714
ai-generated/meat_dish_dai-ba-zhou-zi.jpg	2415785
ai-generated/meat_dish_fan-qie-hong-jiang.jpg	2294083
ai-generated/meat_dish_fen-zheng-rou.jpg	2453513
ai-generated/meat_dish_fu-ru-rou.jpg	2515789
ai-generated/meat_dish_gu-lu-rou.jpg	2011753
ai-generated/meat_dish_hong-shao-ji-chi.jpg	2272460
ai-generated/meat_dish_hu-pi-zhou-zi.jpg	2425204
ai-generated/meat_dish_huang-gua-chao-rou.jpg	2354950
ai-generated/meat_dish_huang-men-ji.jpg	2538167
ai-generated/meat_dish_huang-you-ji.jpg	2434102
ai-generated/meat_dish_jian-jiao-chao-niu-rou.jpg	2360288
ai-generated/meat_dish_jiao-yan-pai-tiao.jpg	2537713
ai-generated/meat_dish_kao-ji-chi.jpg	2322772
ai-generated/meat_dish_ke-le-ji-chi.jpg	2424293
ai-generated/meat_dish_la-jiao-chao-rou.jpg	2633644
ai-generated/meat_dish_leng-chi-tu.jpg	2564969
ai-generated/meat_dish_luo-bo-dun-yang-pai.jpg	2787647
ai-generated/meat_dish_ma-la-xiang-guo.jpg	2815769
ai-generated/meat_dish_ma-yi-shang-shu.jpg	2495038
ai-generated/meat_dish_rou-bing-dun-dan.jpg	2444011
ai-generated/meat_dish_sha-zhu-cai.jpg	2401450
ai-generated/meat_dish_shan-xi-guo-you-rou.jpg	2657951
ai-generated/meat_dish_shang-zhi-rou.jpg	2478770
ai-generated/meat_dish_shi-zhi-pai-gu.jpg	2477081
ai-generated/meat_dish_shui-zhu-rou-pian.jpg	2698529
ai-generated/meat_dish_suan-tai-chao-rou-mo.jpg	2429951
ai-generated/meat_dish_tang-cu-li-ji.jpg	2311198
ai-generated/meat_dish_tian-la-kao-quan-chi.jpg	2596864
ai-generated/meat_dish_xiang-cun-pi-jiu-ya.jpg	2619983
ai-generated/meat_dish_xiang-gan-rou-si.jpg	2461817
ai-generated/meat_dish_xiao-chao-rou.jpg	2537195
ai-generated/meat_dish_xiao-mi-la-chao-rou.jpg	2529131
ai-generated/meat_dish_xiao-su-rou.jpg	2705059
ai-generated/meat_dish_yang-cong-chao-zhu-rou.jpg	2538796
ai-generated/meat_dish_yi-shi-kao-ji.jpg	2601471
ai-generated/meat_dish_yu-xiang-rou-si.jpg	2415012
ai-generated/meat_dish_zhu-rou-hui-suan-cai.jpg	3003415
ai-generated/meat_dish_zi-ran-niu-rou.jpg	2513142
ai-generated/other_ang-ci-yu-dou-fu-tang.jpg	2256770
ai-generated/other_ao-li-ao-bing-qi-lin.jpg	2256400
ai-generated/other_ao-men-shi-ban-mian-zhi-niu-rou-fan.jpg	2325733
ai-generated/other_ba-ba-gan-cha.jpg	1958511
ai-generated/other_ba-ji-si-tan-niu-rou-ga-li.jpg	2615509
ai-generated/other_ba-si-tu-dou.jpg	2406664
ai-generated/other_bai-xiang-guo-cheng-zi-te-diao.jpg	1864304
ai-generated/other_bai-zhuo-cai-xin-de-zuo-fa.jpg	2131750
ai-generated/other_bai-zhuo-xia.jpg	2050095
ai-generated/other_bao-cai-chao-ji-dan-fen-si.jpg	2433145
ai-generated/other_bian-yu-dun-dou-fu.jpg	2945449
ai-generated/other_bing-fen-de-zuo-fa.jpg	1859829
ai-generated/other_bo-cai-chao-ji-dan.jpg	2164646
ai-generated/other_bo-luo-ka-fei-te-diao.jpg	1947995
ai-generated/other_cao-mei-bing-qi-lin.jpg	1918234
ai-generated/other_cao-mei-jiang.jpg	2586344
ai-generated/other_chao-fang-bian-mian-de-zuo-fa.jpg	2076849
ai-generated/other_chao-hua-dan.jpg	2077424
ai-generated/other_chao-liang-fen-de-zuo-fa.jpg	2530590
ai-generated/other_chao-yi-da-li-mian.jpg	2555583
ai-generated/other_chen-pi-pai-gu-tang.jpg	2332771
ai-generated/other_cheng-bao-dan.jpg	2109665
ai-generated/other_chuan-wei-kao-yu.jpg	3166466
ai-generated/other_cong-shao-hai-shen.jpg	2218895
ai-generated/other_cong-you-gui-yu.jpg	2570199
ai-generated/other_di-san-xian.jpg	2532263
ai-generated/other_dian-fan-bao-san-wen-yu-chui-fan.jpg	2440868
ai-generated/other_dian-fan-bao-zheng-mi-fan.jpg	1762435
ai-generated/other_dong-gua-niang-rou-de-zuo-fa.jpg	2258893
ai-generated/other_dou-chi-ling-yu-you-mai-cai.jpg	2917031
ai-generated/other_dou-jiao-men-mian.jpg	2895487
ai-generated/other_fan-sha-yu-tou.jpg	2151283
ai-generated/other_ga-li-fei-niu.jpg	2316549
ai-generated/other_gan-bian-zi-ji.jpg	2262164
ai-generated/other_gan-guo-hua-cai.jpg	2308846
ai-generated/other_gan-jian-a-gen-ting-hong-xia.jpg	2640982
ai-generated/other_gong-bao-ji-ding.jpg	2427061
ai-generated/other_gou-qian-xiang-gu-tang.jpg	2263262
ai-generated/other_guang-shi-luo-bo-niu-nan.jpg	2949364
ai-generated/other_gui-lin-shi-ba-niang-de-zuo-fa.jpg	2766743
ai-generated/other_gui-ling-gao.jpg	1574336
ai-generated/other_gui-zhou-la-zi-ji.jpg	2810650
ai-generated/other_hai-bian-luo-ri.jpg	1797033
ai-generated/other_han-shi-ban-fan.jpg	2065388
ai-generated/other_hao-you-san-xian-gu.jpg	2671272
ai-generated/other_he-lan-dou-chao-la-chang.jpg	2502092
ai-generated/other_he-nan-zheng-mian-tiao.jpg	2690863
ai-generated/other_hei-jiao-niu-liu.jpg	2204996
ai-generated/other_hong-shao-dong-gua.jpg	2226684
ai-generated/other_hong-shao-zhu-ti.jpg	2502423
ai-generated/other_hong-you-dan-gao.jpg	1866534
ai-generated/other_hu-nan-jia-chang-hong-shao-rou.jpg	2229926
ai-generated/other_hu-pi-qing-jiao.jpg	2544868
ai-generated/other_hua-mei-zhu-mao-dou.jpg	2255977
ai-generated/other_huang-you-jian-xia.jpg	2369629
ai-generated/other_hui-guo-rou.jpg	2643446
ai-generated/other_hui-pai-hong-shao-rou.jpg	2296073
ai-generated/other_huo-tui-fan-tuan.jpg	2021560
ai-generated/other_ji-chu-niu-nai-mian-bao.jpg	2518395
ai-generated/other_ji-dan-geng.jpg	1722146
ai-generated/other_ji-dan-hua.jpg	1934760
ai-generated/other_jia-chang-lao-bing.jpg	2840109
ai-generated/other_jian-jiao-niu-wa.jpg	2530491
ai-generated/other_jian-kao-yang-pai-de-zuo-fa.jpg	2629418
ai-generated/other_jian-yi-hong-shao-rou.jpg	2152917
ai-generated/other_jian-yu-hai-tai-yu-mi-fan.jpg	2224789
ai-generated/other_jiang-ban-qiao-mai-mian.jpg	2424989
ai-generated/other_jiang-chao-ji.jpg	2595159
ai-generated/other_jiang-cong-lao-ji.jpg	2106494
ai-generated/other_jiang-niu-rou.jpg	2778599
ai-generated/other_jiang-pai-gu.jpg	2693214
ai-generated/other_jiao-bai-chao-rou.jpg	2358427
ai-generated/other_jiao-yan-yu-mi.jpg	2470531
ai-generated/other_jie-mo-huang-you-luo-shi-xia.jpg	2455819
ai-generated/other_jie-mo-luo-shi-xia.jpg	2286221
ai-generated/other_jin-fei-shi.jpg	1782736
ai-generated/other_jin-tang-li.jpg	1898883
ai-generated/other_jiu-niang-lao-zao.jpg	2253384
ai-generated/other_jun-gu-dun-ru-ge.jpg	2495588
ai-generated/other_ka-fei-ye-nai-dong.jpg	1616690
ai-generated/other_kao-dan-ta.jpg	2415219
ai-generated/other_kao-qie-zi.jpg	2636356
ai-generated/other_kao-xiang-ban-ba-si-ke-zhi-shi-dan-gao.jpg	2834449
ai-generated/other_kong-qi-zha-guo-cui-pi-xian-yan-zha-ji.jpg	2466029
ai-generated/other_kong-qi-zha-guo-ji-chi-zhong-de-zuo-fa.jpg	2342748
ai-generated/other_kong-qi-zha-guo-yang-pai.jpg	2591625
ai-generated/other_kong-qi-zha-guo-zhao-shao-ji-fan.jpg	2338687
ai-generated/other_kou-shui-ji.jpg	2373897
ai-generated/other_lan-cai-rou-mo-si-ji-dou.jpg	2561904
ai-generated/other_lan-ren-dan-ta.jpg	2242012
ai-generated/other_lao-ma-ti-hua.jpg	2375351
ai-generated/other_lao-shi-guo-bao-rou.jpg	2456000
ai-generated/other_lao-you-zhu-rou-fen.jpg	2373598
ai-generated/other_li-yu-dun-bai-cai.jpg	2657231
ai-generated/other_li-zhi-rou.jpg	2572205
ai-generated/other_liang-ban-ji-si.jpg	2254361
ai-generated/other_liang-ban-mu-er.jpg	2437092
ai-generated/other_liang-ban-wo-sun.jpg	2455438
ai-generated/other_liang-fen.jpg	2493935
ai-generated/other_lu-cai-de-zuo-fa.jpg	2912497
ai-generated/other_ma-ge-li-te-bing-gan.jpg	2556284
ai-generated/other_ma-po-dou-fu.jpg	2474612
ai-generated/other_mei-cai-kou-rou.jpg	2541005
ai-generated/other_mo-yu-dan-gao.jpg	2142499
ai-generated/other_nai-lao-pei-gen-tong-xin-fen.jpg	2647782
ai-generated/other_nan-pai-hong-shao-rou-de-zuo-fa.jpg	2866265
ai-generated/other_ning-meng-shui-de-zuo-fa.jpg	2051126
ai-generated/other_niu-pai-de-zuo-fa.jpg	2681851
ai-generated/other_nong-jia-yi-wan-xiang.jpg	2345013
ai-generated/other_pai-gu-ku-gua-tang.jpg	2386533
ai-generated/other_pai-gu-shan-yao-yu-mi-tang.jpg	2222057
ai-generated/other_pi-jiu-ya.jpg	2382829
ai-generated/other_pi-sa-bing-pi-de-zuo-fa.jpg	2568063
ai-generated/other_qi-feng-dan-gao-de-zuo-fa.jpg	2411585
ai-generated/other_qi-yi-guo-bo-cai-te-diao.jpg	2264025
ai-generated/other_qian-long-bai-cai.jpg	2001780
ai-generated/other_qian-shi-la-chang-wa-wa-cai.jpg	2575181
ai-generated/other_qie-zi-rou-jian-bing.jpg	2617731
ai-generated/other_qin-cai-ban-cha-shu-gu.jpg	2780202
ai-generated/other_qing-jiao-niang.jpg	3237675
ai-generated/other_qing-jiao-tu-dou-chao-rou.jpg	2484795
ai-generated/other_qing-zheng-gui-yu.jpg	2343512
ai-generated/other_qing-zheng-lu-yu.jpg	2272224
ai-generated/other_ri-shi-fei-niu-jing-fan.jpg	2304184
ai-generated/other_ri-shi-ga-li-fan.jpg	2400411
ai-generated/other_sha-tang-ye-zi-bing-sha.jpg	2093506
ai-generated/other_shan-xi-you-po-mian.jpg	2420580
ai-generated/other_shang-tang-wa-wa-cai.jpg	2176961
ai-generated/other_shi-zhi-zheng-bai-shan.jpg	2492982
ai-generated/other_shou-rou-tu-dou-pian.jpg	2439783
ai-generated/other_shou-si-bao-cai.jpg	2301548
ai-generated/other_shui-zhu-niu-rou.jpg	2949113
ai-generated/other_su-dong-tang-yuan.jpg	1810229
ai-generated/other_su-ge-lan-dan-de-zuo-fa.jpg	2364980
ai-generated/other_suan-mei-tang.jpg	2127276
ai-generated/other_suan-nai-yi-shi-nai-dong.jpg	1814307
ai-generated/other_suan-rong-kong-xin-cai.jpg	2256026
ai-generated/other_suan-rong-xia.jpg	2404838
ai-generated/other_suan-xiang-huang-you-xia.jpg	2382866
ai-generated/other_tai-guo-shou-biao-hong-cha-de-zuo-fa.jpg	1777517
ai-generated/other_tai-shi-lu-rou-fan.jpg	2139173
ai-generated/other_tang-ban-xi-hong-shi.jpg	2204943
ai-generated/other_tang-cu-li-yu.jpg	2638496
ai-generated/other_tang-cu-pai-gu.jpg	1902040
ai-generated/other_ti-la-mi-su-de-zuo-fa.jpg	2530581
ai-generated/other_tian-luo-niang.jpg	2654183
ai-generated/other_tu-dou-dun-pai-gu.jpg	2240390
ai-generated/other_wei-bo-lu-ji-dan-geng.jpg	1863150
ai-generated/other_wei-bo-lu-la-chang-bao-zai-fan.jpg	2675129
ai-generated/other_wen-quan-dan.jpg	1770715
ai-generated/other_wo-sun-ye-jian-bing.jpg	2658835
ai-generated/other_wu-chu-shi-ji-feng-mi-mian-bao.jpg	2438985
ai-generated/other_wu-gu-ji-zhao.jpg	2506883
ai-generated/other_xi-hong-shi-dou-fu-tang-geng.jpg	2141426
ai-generated/other_xi-hong-shi-ji-dan-gua-mian.jpg	2284238
ai-generated/other_xi-hong-shi-niu-nan.jpg	2750867
ai-generated/other_xi-hong-shi-tu-dou-dun-niu-rou.jpg	2256572
ai-generated/other_xi-hu-lu-chao-ji-dan.jpg	2219535
ai-generated/other_xiang-gan-qin-cai-chao-rou.jpg	2261000
ai-generated/other_xiang-gu-hua-ji.jpg	2219504
ai-generated/other_xiang-jian-qiao-zui-yu.jpg	2154355
ai-generated/other_xiang-jian-wu-hua-rou.jpg	2638472
ai-generated/other_xiang-la-ji-zhao-bao.jpg	2336956
ai-generated/other_xiang-qi-mi-fu-ya.jpg	2457144
ai-generated/other_xiao-chao-huang-niu-rou.jpg	2641931
ai-generated/other_xiao-chao-ji-gan.jpg	2425501
ai-generated/other_xiao-chao-ou-ding.jpg	2105968
ai-generated/other_xiao-long-xia.jpg	2685395
ai-generated/other_xin-jiang-da-pan-ji.jpg	2859842
ai-generated/other_xue-hua-su.jpg	2360668
ai-generated/other_xue-jiang-ya.jpg	2476106
ai-generated/other_yang-cong-chao-ji-dan.jpg	2361785
ai-generated/other_yang-pai-men-mian.jpg	2485575
ai-generated/other_yang-rou-tang.jpg	2045652
ai-generated/other_yang-shuo-pi-jiu-yu.jpg	2552520
ai-generated/other_yang-zhou-chao-fan.jpg	2122523
ai-generated/other_yi-shi-rou-jiang-mian.jpg	2254723
ai-generated/other_yin-er-lian-zi-zhou.jpg	2123323
ai-generated/other_ying-shi-si-kang.jpg	2303862
ai-generated/other_you-men-da-xia.jpg	2464901
ai-generated/other_you-po-la-zi.jpg	2408472
ai-generated/other_yu-mi-pai-gu-tang.jpg	2371799
ai-generated/other_yu-ni-xue-mei-niang.jpg	1953489
ai-generated/other_yu-xiang-qie-zi.jpg	2676783
ai-generated/other_zha-shu-tiao.jpg	1916652
ai-generated/other_zha-xian-nai.jpg	2264069
ai-generated/other_zhe-tang-tang-jiang.jpg	2140676
ai-generated/other_zheng-xiang-ji-dan-geng.jpg	1811579
ai-generated/other_zhi-ma-shao-bing.jpg	2676306
ai-generated/other_zhi-zhu-yang-nan-bao.jpg	2453300
ai-generated/other_zhong-shi-xian-bing.jpg	2585370
ai-generated/other_zhu-guo-zheng-mi-fan.jpg	1634013
ai-generated/other_zhu-hou-niu-nan.jpg	2505255
ai-generated/other_zhu-pi-dong.jpg	2174486
ai-generated/other_zhu-que-tang.jpg	2119515
ai-generated/other_zi-bo-shao-kao.jpg	2546072
ai-generated/other_zui-pai-gu.jpg	2453567
ai-generated/semi-finished_ban-cheng-pin-yi-mian-de-zuo-fa.jpg	2316332
ai-generated/semi-finished_jia-chang-liang-pi.jpg	2593759
ai-generated/semi-finished_niu-you-huo-guo-di-liao.jpg	2663886
ai-generated/semi-finished_su-dong-hun-tun-de-zuo-fa.jpg	1986270
ai-generated/semi-finished_su-dong-shui-jiao.jpg	2412222
ai-generated/soup_chen-pi-pai-gu-tang.jpg	2091641
ai-generated/soup_fan-qie-niu-rou-dan-hua-tang.jpg	2516127
ai-generated/soup_huang-gua-pi-dan-tang.jpg	2578257
ai-generated/soup_jin-zhen-gu-tang.jpg	1993099
ai-generated/soup_la-ba-zhou.jpg	2122957
ai-generated/soup_luo-song-tang.jpg	2279467
ai-generated/soup_mi-zhou.jpg	1839269
ai-generated/soup_nai-you-mo-gu-tang.jpg	2039560
ai-generated/soup_pi-dan-shou-rou-zhou.jpg	2026771
ai-generated/soup_sheng-cuan-wan-zi-tang.jpg	2294463
ai-generated/soup_xi-hong-shi-ji-dan-tang.jpg	2091897
ai-generated/soup_xiao-mi-zhou.jpg	2066502
ai-generated/soup_zi-cai-dan-hua-tang.jpg	2035346
ai-generated/staple_chao-he-fen.jpg	2623034
ai-generated/staple_chao-mo.jpg	2924334
ai-generated/staple_chao-nian-gao.jpg	2379121
ai-generated/staple_cong-you-ban-mian.jpg	2795340
ai-generated/staple_dan-bao-fan.jpg	2028942
ai-generated/staple_dan-chao-fan.jpg	2363514
ai-generated/staple_hong-yun-dou-ban-fan.jpg	2664044
ai-generated/staple_jiu-cai-he-zi.jpg	2274620
ai-generated/staple_ke-le-chao-fan.jpg	2237238
ai-generated/staple_lao-gan-ma-ban-mian.jpg	2451510
ai-generated/staple_lao-zao-xiao-tang-yuan.jpg	2078102
ai-generated/staple_li-ti-qiao-ka--litti-chokha.jpg	2399073
ai-generated/staple_luo-si-fen.jpg	2440560
ai-generated/staple_ma-la-jian-zhi-qiao-mai-mian.jpg	2535289
ai-generated/staple_ma-you-ban-mian.jpg	2360258
ai-generated/staple_re-gan-mian.jpg	2182976
ai-generated/staple_rou-dan-gai-fan.jpg	2477330
ai-generated/staple_shou-gong-shui-jiao.jpg	2107916
ai-generated/staple_suan-la-jue-gen-fen.jpg	2498699
ai-generated/staple_tang-mian.jpg	2486066
ai-generated/staple_xian-rou-cai-fan.jpg	2658502
ai-generated/staple_xian-rou-shao-mai.jpg	1995122
ai-generated/staple_yin-du-kao-bing.jpg	2205139
ai-generated/staple_yin-du-men-fan--biryani.jpg	2473324
ai-generated/staple_ying-zui-dou-zha-bing--chole-bhature.jpg	2859630
ai-generated/staple_zha-jiang-mian.jpg	2437566
ai-generated/staple_zhao-shao-ji-tui-fan.jpg	2587407
ai-generated/staple_zheng-lu-mian.jpg	2869630
ai-generated/staple_zhu-pao-mian-jia-dan.jpg	2168489
ai-generated/staple_zhu-you-ban-fan.jpg	2056722
ai-generated/vegetable_dish_chao-qie-zi.jpg	2464805
ai-generated/vegetable_dish_chao-qing-cai.jpg	2111616
ai-generated/vegetable_dish_cong-jian-dou-fu.jpg	2340598
ai-generated/vegetable_dish_cui-pi-dou-fu.jpg	2551870
ai-generated/vegetable_dish_hao-you-sheng-cai.jpg	2220097
ai-generated/vegetable_dish_hong-shao-qie-zi.jpg	2539759
ai-generated/vegetable_dish_ji-dan-huo-tui-chao-huang-gua.jpg	2363976
ai-generated/vegetable_dish_jia-chang-ri-ben-dou-fu.jpg	2507019
ai-generated/vegetable_dish_jin-qian-dan.jpg	2715607
ai-generated/vegetable_dish_jin-zhen-gu-ri-ben-dou-fu-bao.jpg	2566789
ai-generated/vegetable_dish_lei-jiao-pi-dan.jpg	2429024
ai-generated/vegetable_dish_liang-ban-dou-fu.jpg	2179486
ai-generated/vegetable_dish_liang-ban-huang-gua.jpg	2631184
ai-generated/vegetable_dish_liang-ban-jin-zhen-gu.jpg	2239437
ai-generated/vegetable_dish_liang-ban-you-mai-cai.jpg	2455462
ai-generated/vegetable_dish_pi-dan-dou-fu.jpg	2174949
ai-generated/vegetable_dish_pu-shao-qie-zi.jpg	2582984
ai-generated/vegetable_dish_qie-zi-dun-tu-dou.jpg	2361184
ai-generated/vegetable_dish_qing-chao-hua-cai.jpg	2282939
ai-generated/vegetable_dish_qing-zheng-nan-gua.jpg	2089008
ai-generated/vegetable_dish_shan-bei-ao-dou-jiao.jpg	2160411
ai-generated/vegetable_dish_shui-you-men-shu-cai.jpg	2474817
ai-generated/vegetable_dish_song-ren-yu-mi.jpg	2052634
ai-generated/vegetable_dish_su-chao-dou-jiao.jpg	2264319
ai-generated/vegetable_dish_suan-la-tu-dou-si.jpg	2055118
ai-generated/vegetable_dish_suan-rong-xi-lan-hua.jpg	2185809
ai-generated/vegetable_dish_xi-hong-shi-chao-ji-dan.jpg	2414081
ai-generated/vegetable_dish_yin-du-hu-lu-wan-zi.jpg	2706853
ai-generated/vegetable_dish_yin-du-tu-dou-hua-cai--aloo-gobi.jpg	2421534
ai-generated/vegetable_dish_you-cu-bao-dan.jpg	2873455
overview/aquatic_ga-li-chao-xie_overview.jpg	2749166
overview/aquatic_hong-shao-li-yu_overview.jpg	2821284
overview/aquatic_hong-shao-yu-tou_overview.jpg	2859022
overview/aquatic_hong-shao-yu_overview.jpg	2216035
overview/aquatic_jiang-dun-xie_overview.jpg	3055951
overview/aquatic_qing-zheng-sheng-hao_overview.jpg	2293872
overview/aquatic_rou-xie-bao_overview.jpg	2988057
overview/aquatic_shui-zhu-yu_overview.jpg	3050536
overview/aquatic_wei-bo-cong-jiang-hei-xue-yu_overview.jpg	2315824
overview/aquatic_xiang-you-shan-si_overview.jpg	2797679
overview/breakfast_cha-ye-dan_overview.jpg	2448525
overview/breakfast_dan-jian-ci-ba_overview.jpg	2831110
overview/breakfast_gui-yuan-hong-zao-zhou_overview.jpg	2782535
overview/breakfast_han-guo-ma-yao-ji-dan_overview.jpg	2406640
overview/breakfast_ji-dan-san-ming-zhi_overview.jpg	2282929
overview/breakfast_jian-jiao-de-zuo-fa_overview.jpg	2645845
overview/breakfast_jin-qiang-yu-jiang-san-ming-zhi_overview.jpg	2341870
overview/breakfast_kong-qi-zha-guo-mian-bao-pian_overview.jpg	1867744
overview/breakfast_mei-shi-chao-dan_overview.jpg	2252031
overview/breakfast_niu-nai-yan-mai_overview.jpg	2049130
overview/breakfast_shou-zhua-bing_overview.jpg	2907312
overview/breakfast_shui-zhu-yu-mi_overview.jpg	2236685
overview/breakfast_tai-yang-dan_overview.jpg	1999227
overview/breakfast_tang-xin-dan_overview.jpg	2026408
overview/breakfast_tu-si-guo-jiang-de-zuo-fa_overview.jpg	2447837
overview/breakfast_wan-mei-shui-zhu-dan_overview.jpg	2401150
overview/breakfast_wei-bo-lu-dan-gao_overview.jpg	2478417
overview/breakfast_wei-bo-lu-he-bao-dan_overview.jpg	2020685
overview/breakfast_wei-bo-lu-zheng-dan_overview.jpg	1828704
overview/breakfast_yan-mai-ji-dan-bing_overview.jpg	2254074
overview/breakfast_yi-shi-xiang-chang-bei-fei-dan_overview.jpg	2750536
overview/breakfast_zheng-hua-juan_overview.jpg	2122885
overview/breakfast_zheng-shui-dan_overview.jpg	2668614
overview/condiment_cong-you_overview.jpg	2458162
overview/condiment_jian-yi-ban-chao-tang-se-de-zuo-fa_overview.jpg	2341059
overview/condiment_suan-xiang-jiang-you_overview.jpg	2423224
overview/condiment_tang-cu-zhi_overview.jpg	2418262
overview/condiment_you-su_overview.jpg	1914178
overview/condiment_zha-chuan-jiang-liao_overview.jpg	3124846
overview/dessert_hu-luo-bo-tian-gao_overview.jpg	2877120
overview/drink_b52-hong-zha-ji_overview.jpg	1944265
overview/drink_dong-gua-cha_overview.jpg	2516998
overview/drink_ke-le-tong_overview.jpg	2840064
overview/drink_mojito-mo-ji-tuo_overview.jpg	2439053
overview/drink_nai-cha-de-zuo-fa_overview.jpg	2664017
overview/drink_niu-you-guo-la-xi_overview.jpg	2413483
overview/drink_suan-mei-tang-（-ban-cheng-pin-jia-gong-）_overview.jpg	2536700
overview/drink_yang-zhi-gan-lu_overview.jpg	1987021
overview/drink_yin-du-nai-cha--masala-chai_overview.jpg	2484292
overview/drink_zhang-dao-bing-cha_overview.jpg	2198451
overview/meat_dish_bai-cai-zhu-rou-dun-fen-tiao_overview.jpg	2510253
overview/meat_dish_dai-ba-zhou-zi_overview.jpg	2836037
overview/meat_dish_fan-qie-hong-jiang_overview.jpg	2437489
overview/meat_dish_fen-zheng-rou_overview.jpg	3055725
overview/meat_dish_fu-ru-rou_overview.jpg	2748434
overview/meat_dish_gu-lu-rou_overview.jpg	2418066
overview/meat_dish_hong-shao-ji-chi_overview.jpg	2297013
overview/meat_dish_hu-pi-zhou-zi_overview.jpg	2842402
overview/meat_dish_huang-gua-chao-rou_overview.jpg	2760720
overview/meat_dish_huang-men-ji_overview.jpg	2638080
overview/meat_dish_huang-you-ji_overview.jpg	2986828
overview/meat_dish_jian-jiao-chao-niu-rou_overview.jpg	2997018
overview/meat_dish_jiao-yan-pai-tiao_overview.jpg	2203488
overview/meat_dish_kao-ji-chi_overview.jpg	2780384
overview/meat_dish_ke-le-ji-chi_overview.jpg	2369677
overview/meat_dish_la-jiao-chao-rou_overview.jpg	2721507
overview/meat_dish_leng-chi-tu_overview.jpg	2719575
overview/meat_dish_luo-bo-dun-yang-pai_overview.jpg	2318407
overview/meat_dish_ma-la-xiang-guo_overview.jpg	2417599
overview/meat_dish_ma-yi-shang-shu_overview.jpg	2396818
overview/meat_dish_rou-bing-dun-dan_overview.jpg	2699221
overview/meat_dish_sha-zhu-cai_overview.jpg	2992070
overview/meat_dish_shan-xi-guo-you-rou_overview.jpg	2813389
overview/meat_dish_shang-zhi-rou_overview.jpg	2931575
overview/meat_dish_shi-zhi-pai-gu_overview.jpg	2652571
overview/meat_dish_shui-zhu-rou-pian_overview.jpg	2623698
overview/meat_dish_suan-tai-chao-rou-mo_overview.jpg	2174064
overview/meat_dish_tang-cu-li-ji_overview.jpg	2779504
overview/meat_dish_tian-la-kao-quan-chi_overview.jpg	2439136
overview/meat_dish_xiang-cun-pi-jiu-ya_overview.jpg	3112914
overview/meat_dish_xiang-gan-rou-si_overview.jpg	2279370
overview/meat_dish_xiao-chao-rou_overview.jpg	2405637
overview/meat_dish_xiao-mi-la-chao-rou_overview.jpg	2712227
overview/meat_dish_xiao-su-rou_overview.jpg	2816505
overview/meat_dish_yang-cong-chao-zhu-rou_overview.jpg	2544664
overview/meat_dish_yi-shi-kao-ji_overview.jpg	2403414
overview/meat_dish_yu-xiang-rou-si_overview.jpg	2399639
overview/meat_dish_zhu-rou-hui-suan-cai_overview.jpg	2911911
overview/meat_dish_zi-ran-niu-rou_overview.jpg	2658708
overview/other_ang-ci-yu-dou-fu-tang_overview.jpg	2450902
overview/other_ao-li-ao-bing-qi-lin_overview.jpg	2368746
overview/other_ao-men-shi-ban-mian-zhi-niu-rou-fan_overview.jpg	3115356
overview/other_ba-ba-gan-cha_overview.jpg	2167374
overview/other_ba-ji-si-tan-niu-rou-ga-li_overview.jpg	2946841
overview/other_ba-si-tu-dou_overview.jpg	2494567
overview/other_bai-xiang-guo-cheng-zi-te-diao_overview.jpg	2369037
overview/other_bai-zhuo-cai-xin-de-zuo-fa_overview.jpg	2440497
overview/other_bai-zhuo-xia_overview.jpg	2346313
overview/other_bao-cai-chao-ji-dan-fen-si_overview.jpg	2430013
overview/other_bian-yu-dun-dou-fu_overview.jpg	2657465
overview/other_bing-fen-de-zuo-fa_overview.jpg	2015677
overview/other_bo-cai-chao-ji-dan_overview.jpg	2192306
overview/other_bo-luo-ka-fei-te-diao_overview.jpg	2772631
overview/other_cao-mei-bing-qi-lin_overview.jpg	2241269
overview/other_cao-mei-jiang_overview.jpg	2571907
overview/other_chao-fang-bian-mian-de-zuo-fa_overview.jpg	2233434
overview/other_chao-hua-dan_overview.jpg	2310609
overview/other_chao-liang-fen-de-zuo-fa_overview.jpg	2167767
overview/other_chao-yi-da-li-mian_overview.jpg	2273079
overview/other_chen-pi-pai-gu-tang_overview.jpg	2245022
overview/other_cheng-bao-dan_overview.jpg	2389801
overview/other_chuan-wei-kao-yu_overview.jpg	3009027
overview/other_cong-shao-hai-shen_overview.jpg	2704361
overview/other_cong-you-gui-yu_overview.jpg	2581424
overview/other_di-san-xian_overview.jpg	2769376
overview/other_dian-fan-bao-san-wen-yu-chui-fan_overview.jpg	2635184
overview/other_dian-fan-bao-zheng-mi-fan_overview.jpg	2202437
overview/other_dong-gua-niang-rou-de-zuo-fa_overview.jpg	2322174
overview/other_dou-chi-ling-yu-you-mai-cai_overview.jpg	2277995
overview/other_dou-jiao-men-mian_overview.jpg	2403644
overview/other_fan-sha-yu-tou_overview.jpg	2371995
overview/other_ga-li-fei-niu_overview.jpg	2568434
overview/other_gan-bian-zi-ji_overview.jpg	2872232
overview/other_gan-guo-hua-cai_overview.jpg	2668426
overview/other_gan-jian-a-gen-ting-hong-xia_overview.jpg	2949236
overview/other_gong-bao-ji-ding_overview.jpg	2925033
overview/other_gou-qian-xiang-gu-tang_overview.jpg	2713505
overview/other_guang-shi-luo-bo-niu-nan_overview.jpg	2791171
overview/other_gui-lin-shi-ba-niang-de-zuo-fa_overview.jpg	2664050
overview/other_gui-ling-gao_overview.jpg	2209830
overview/other_gui-zhou-la-zi-ji_overview.jpg	2775361
overview/other_hai-bian-luo-ri_overview.jpg	2343377
overview/other_han-shi-ban-fan_overview.jpg	2555928
overview/other_hao-you-san-xian-gu_overview.jpg	2747524
overview/other_he-lan-dou-chao-la-chang_overview.jpg	2423983
overview/other_he-nan-zheng-mian-tiao_overview.jpg	2629483
overview/other_hei-jiao-niu-liu_overview.jpg	2589922
overview/other_hong-shao-dong-gua_overview.jpg	2847864
overview/other_hong-shao-zhu-ti_overview.jpg	2383888
overview/other_hong-you-dan-gao_overview.jpg	2256734
overview/other_hu-nan-jia-chang-hong-shao-rou_overview.jpg	2853127
overview/other_hu-pi-qing-jiao_overview.jpg	2611064
overview/other_hua-mei-zhu-mao-dou_overview.jpg	2382412
overview/other_huang-you-jian-xia_overview.jpg	2741378
overview/other_hui-guo-rou_overview.jpg	2653763
overview/other_hui-pai-hong-shao-rou_overview.jpg	2782688
overview/other_huo-tui-fan-tuan_overview.jpg	2203723
overview/other_ji-chu-niu-nai-mian-bao_overview.jpg	2671839
overview/other_ji-dan-geng_overview.jpg	2513929
overview/other_ji-dan-hua_overview.jpg	1878093
overview/other_jia-chang-lao-bing_overview.jpg	2734900
overview/other_jian-jiao-niu-wa_overview.jpg	2924701
overview/other_jian-kao-yang-pai-de-zuo-fa_overview.jpg	2642576
overview/other_jian-yi-hong-shao-rou_overview.jpg	2887655
overview/other_jian-yu-hai-tai-yu-mi-fan_overview.jpg	2748985
overview/other_jiang-ban-qiao-mai-mian_overview.jpg	2486346
overview/other_jiang-chao-ji_overview.jpg	2911482
overview/other_jiang-cong-lao-ji_overview.jpg	2616282
overview/other_jiang-niu-rou_overview.jpg	2669316
overview/other_jiang-pai-gu_overview.jpg	2504666
overview/other_jiao-bai-chao-rou_overview.jpg	2312332
overview/other_jiao-yan-yu-mi_overview.jpg	2665125
overview/other_jie-mo-huang-you-luo-shi-xia_overview.jpg	2876314
overview/other_jie-mo-luo-shi-xia_overview.jpg	2760099
overview/other_jin-fei-shi_overview.jpg	2262316
overview/other_jin-tang-li_overview.jpg	2441184
overview/other_jiu-niang-lao-zao_overview.jpg	2739833
overview/other_jun-gu-dun-ru-ge_overview.jpg	2671439
overview/other_ka-fei-ye-nai-dong_overview.jpg	2300509
overview/other_kao-dan-ta_overview.jpg	2390495
overview/other_kao-qie-zi_overview.jpg	2329854
overview/other_kao-xiang-ban-ba-si-ke-zhi-shi-dan-gao_overview.jpg	2214227
overview/other_kong-qi-zha-guo-cui-pi-xian-yan-zha-ji_overview.jpg	2208824
overview/other_kong-qi-zha-guo-ji-chi-zhong-de-zuo-fa_overview.jpg	2509886
overview/other_kong-qi-zha-guo-yang-pai_overview.jpg	2644960
overview/other_kong-qi-zha-guo-zhao-shao-ji-fan_overview.jpg	2533871
overview/other_kou-shui-ji_overview.jpg	2545087
overview/other_lan-cai-rou-mo-si-ji-dou_overview.jpg	2412117
overview/other_lan-ren-dan-ta_overview.jpg	2190363
overview/other_lao-ma-ti-hua_overview.jpg	2637078
overview/other_lao-shi-guo-bao-rou_overview.jpg	2958597
overview/other_lao-you-zhu-rou-fen_overview.jpg	2645762
overview/other_li-yu-dun-bai-cai_overview.jpg	2711441
overview/other_li-zhi-rou_overview.jpg	2361969
overview/other_liang-ban-ji-si_overview.jpg	2140436
overview/other_liang-ban-mu-er_overview.jpg	2296900
overview/other_liang-ban-wo-sun_overview.jpg	2407601
overview/other_liang-fen_overview.jpg	2477671
overview/other_lu-cai-de-zuo-fa_overview.jpg	2938349
overview/other_ma-ge-li-te-bing-gan_overview.jpg	2439401
overview/other_ma-po-dou-fu_overview.jpg	2598169
overview/other_mei-cai-kou-rou_overview.jpg	2750432
overview/other_mo-yu-dan-gao_overview.jpg	2382654
overview/other_nai-lao-pei-gen-tong-xin-fen_overview.jpg	3244154
overview/other_nan-pai-hong-shao-rou-de-zuo-fa_overview.jpg	2480582
overview/other_ning-meng-shui-de-zuo-fa_overview.jpg	2143685
overview/other_niu-pai-de-zuo-fa_overview.jpg	2637063
overview/other_nong-jia-yi-wan-xiang_overview.jpg	3217744
overview/other_pai-gu-ku-gua-tang_overview.jpg	2379026
overview/other_pai-gu-shan-yao-yu-mi-tang_overview.jpg	2331947
overview/other_pi-jiu-ya_overview.jpg	2797938
overview/other_pi-sa-bing-pi-de-zuo-fa_overview.jpg	2811836
overview/other_qi-feng-dan-gao-de-zuo-fa_overview.jpg	2109263
overview/other_qi-yi-guo-bo-cai-te-diao_overview.jpg	2248607
overview/other_qian-long-bai-cai_overview.jpg	2738949
overview/other_qian-shi-la-chang-wa-wa-cai_overview.jpg	2743057
overview/other_qie-zi-rou-jian-bing_overview.jpg	2767466
overview/other_qin-cai-ban-cha-shu-gu_overview.jpg	2732235
overview/other_qing-jiao-niang_overview.jpg	2687900
overview/other_qing-jiao-tu-dou-chao-rou_overview.jpg	2352977
overview/other_qing-zheng-gui-yu_overview.jpg	2515444
overview/other_qing-zheng-lu-yu_overview.jpg	2279649
overview/other_ri-shi-fei-niu-jing-fan_overview.jpg	2858966
overview/other_ri-shi-ga-li-fan_overview.jpg	2653252
overview/other_sha-tang-ye-zi-bing-sha_overview.jpg	2543511
overview/other_shan-xi-you-po-mian_overview.jpg	2958498
overview/other_shang-tang-wa-wa-cai_overview.jpg	2539987
overview/other_shi-zhi-zheng-bai-shan_overview.jpg	3115803
overview/other_shou-rou-tu-dou-pian_overview.jpg	2694672
overview/other_shou-si-bao-cai_overview.jpg	2462582
overview/other_shui-zhu-niu-rou_overview.jpg	2768046
overview/other_su-dong-tang-yuan_overview.jpg	2080725
overview/other_su-ge-lan-dan-de-zuo-fa_overview.jpg	2448638
overview/other_suan-mei-tang_overview.jpg	2720046
overview/other_suan-nai-yi-shi-nai-dong_overview.jpg	1837361
overview/other_suan-rong-kong-xin-cai_overview.jpg	2068743
overview/other_suan-rong-xia_overview.jpg	2364002
overview/other_suan-xiang-huang-you-xia_overview.jpg	2255731
overview/other_tai-guo-shou-biao-hong-cha-de-zuo-fa_overview.jpg	2357755
overview/other_tai-shi-lu-rou-fan_overview.jpg	2637332
overview/other_tang-ban-xi-hong-shi_overview.jpg	2456993
overview/other_tang-cu-li-yu_overview.jpg	2921698
overview/other_tang-cu-pai-gu_overview.jpg	2829528
overview/other_ti-la-mi-su-de-zuo-fa_overview.jpg	2431122
overview/other_tian-luo-niang_overview.jpg	2536507
overview/other_tu-dou-dun-pai-gu_overview.jpg	3038342
overview/other_wei-bo-lu-ji-dan-geng_overview.jpg	2209430
overview/other_wei-bo-lu-la-chang-bao-zai-fan_overview.jpg	2216825
overview/other_wen-quan-dan_overview.jpg	2147377
overview/other_wo-sun-ye-jian-bing_overview.jpg	2342796
overview/other_wu-chu-shi-ji-feng-mi-mian-bao_overview.jpg	2291792
overview/other_wu-gu-ji-zhao_overview.jpg	2820988
overview/other_xi-hong-shi-dou-fu-tang-geng_overview.jpg	2177610
overview/other_xi-hong-shi-ji-dan-gua-mian_overview.jpg	2382860
overview/other_xi-hong-shi-niu-nan_overview.jpg	2619482
overview/other_xi-hong-shi-tu-dou-dun-niu-rou_overview.jpg	2776777
overview/other_xi-hu-lu-chao-ji-dan_overview.jpg	2528511
overview/other_xiang-gan-qin-cai-chao-rou_overview.jpg	2348001
overview/other_xiang-gu-hua-ji_overview.jpg	2641312
overview/other_xiang-jian-qiao-zui-yu_overview.jpg	2935824
overview/other_xiang-jian-wu-hua-rou_overview.jpg	2882876
overview/other_xiang-la-ji-zhao-bao_overview.jpg	2665917
overview/other_xiang-qi-mi-fu-ya_overview.jpg	2454761
overview/other_xiao-chao-huang-niu-rou_overview.jpg	2552966
overview/other_xiao-chao-ji-gan_overview.jpg	2712465
overview/other_xiao-chao-ou-ding_overview.jpg	2583383
overview/other_xiao-long-xia_overview.jpg	2763608
overview/other_xin-jiang-da-pan-ji_overview.jpg	2819946
overview/other_xue-hua-su_overview.jpg	2610618
overview/other_xue-jiang-ya_overview.jpg	2932279
overview/other_yang-cong-chao-ji-dan_overview.jpg	1857405
overview/other_yang-pai-men-mian_overview.jpg	2365604
overview/other_yang-rou-tang_overview.jpg	2548132
overview/other_yang-shuo-pi-jiu-yu_overview.jpg	2926291
overview/other_yang-zhou-chao-fan_overview.jpg	2502065
overview/other_yi-shi-rou-jiang-mian_overview.jpg	2504316
overview/other_yin-er-lian-zi-zhou_overview.jpg	2144792
overview/other_ying-shi-si-kang_overview.jpg	2456872
overview/other_you-men-da-xia_overview.jpg	2747419
overview/other_you-po-la-zi_overview.jpg	2905680
overview/other_yu-mi-pai-gu-tang_overview.jpg	2394575
overview/other_yu-ni-xue-mei-niang_overview.jpg	2494576
overview/other_yu-xiang-qie-zi_overview.jpg	2480558
overview/other_zha-shu-tiao_overview.jpg	2076251
overview/other_zha-xian-nai_overview.jpg	2150357
overview/other_zhe-tang-tang-jiang_overview.jpg	2370938
overview/other_zheng-xiang-ji-dan-geng_overview.jpg	2356219
overview/other_zhi-ma-shao-bing_overview.jpg	2760424
overview/other_zhi-zhu-yang-nan-bao_overview.jpg	2582740
overview/other_zhong-shi-xian-bing_overview.jpg	2415338
overview/other_zhu-guo-zheng-mi-fan_overview.jpg	2618468
overview/other_zhu-hou-niu-nan_overview.jpg	2968693
overview/other_zhu-pi-dong_overview.jpg	2446888
overview/other_zhu-que-tang_overview.jpg	2602412
overview/other_zi-bo-shao-kao_overview.jpg	2978014
overview/other_zui-pai-gu_overview.jpg	2517303
overview/semi-finished_ban-cheng-pin-yi-mian-de-zuo-fa_overview.jpg	2527523
overview/semi-finished_jia-chang-liang-pi_overview.jpg	2628635
overview/semi-finished_niu-you-huo-guo-di-liao_overview.jpg	2755911
overview/semi-finished_su-dong-hun-tun-de-zuo-fa_overview.jpg	2638847
overview/semi-finished_su-dong-shui-jiao_overview.jpg	1969096
overview/soup_chen-pi-pai-gu-tang_overview.jpg	2542966
overview/soup_fan-qie-niu-rou-dan-hua-tang_overview.jpg	2271274
overview/soup_huang-gua-pi-dan-tang_overview.jpg	2660734
overview/soup_jin-zhen-gu-tang_overview.jpg	2278663
overview/soup_la-ba-zhou_overview.jpg	2967954
overview/soup_luo-song-tang_overview.jpg	2577417
overview/soup_mi-zhou_overview.jpg	2195374
overview/soup_nai-you-mo-gu-tang_overview.jpg	2395094
overview/soup_pi-dan-shou-rou-zhou_overview.jpg	2159386
overview/soup_sheng-cuan-wan-zi-tang_overview.jpg	2420889
overview/soup_xi-hong-shi-ji-dan-tang_overview.jpg	2378597
overview/soup_xiao-mi-zhou_overview.jpg	2298568
overview/soup_zi-cai-dan-hua-tang_overview.jpg	2483338
overview/staple_chao-he-fen_overview.jpg	2821937
overview/staple_chao-mo_overview.jpg	2816445
overview/staple_chao-nian-gao_overview.jpg	2396143
overview/staple_cong-you-ban-mian_overview.jpg	2620777
overview/staple_dan-bao-fan_overview.jpg	2330709
overview/staple_dan-chao-fan_overview.jpg	2332291
overview/staple_hong-yun-dou-ban-fan_overview.jpg	2582153
overview/staple_jiu-cai-he-zi_overview.jpg	2797088
overview/staple_ke-le-chao-fan_overview.jpg	2679793
overview/staple_lao-gan-ma-ban-mian_overview.jpg	2314328
overview/staple_lao-zao-xiao-tang-yuan_overview.jpg	2448498
overview/staple_li-ti-qiao-ka--litti-chokha_overview.jpg	2997087
overview/staple_luo-si-fen_overview.jpg	2360007
overview/staple_ma-la-jian-zhi-qiao-mai-mian_overview.jpg	2212520
overview/staple_ma-you-ban-mian_overview.jpg	2456278
overview/staple_re-gan-mian_overview.jpg	2953875
overview/staple_rou-dan-gai-fan_overview.jpg	2313258
overview/staple_shou-gong-shui-jiao_overview.jpg	2857886
overview/staple_suan-la-jue-gen-fen_overview.jpg	1892198
overview/staple_tang-mian_overview.jpg	2126963
overview/staple_xian-rou-cai-fan_overview.jpg	2743646
overview/staple_xian-rou-shao-mai_overview.jpg	3019949
overview/staple_yin-du-kao-bing_overview.jpg	2700012
overview/staple_yin-du-men-fan--biryani_overview.jpg	2550122
overview/staple_ying-zui-dou-zha-bing--chole-bhature_overview.jpg	2846791
overview/staple_zha-jiang-mian_overview.jpg	2359646
overview/staple_zhao-shao-ji-tui-fan_overview.jpg	2551293
overview/staple_zheng-lu-mian_overview.jpg	2412717
overview/staple_zhu-pao-mian-jia-dan_overview.jpg	2266854
overview/staple_zhu-you-ban-fan_overview.jpg	3188909
overview/vegetable_dish_chao-qie-zi_overview.jpg	2279926
overview/vegetable_dish_chao-qing-cai_overview.jpg	2039816
overview/vegetable_dish_cong-jian-dou-fu_overview.jpg	2627194
overview/vegetable_dish_cui-pi-dou-fu_overview.jpg	2598361
overview/vegetable_dish_hao-you-sheng-cai_overview.jpg	2836501
overview/vegetable_dish_hong-shao-qie-zi_overview.jpg	2678272
overview/vegetable_dish_ji-dan-huo-tui-chao-huang-gua_overview.jpg	2401528
overview/vegetable_dish_jia-chang-ri-ben-dou-fu_overview.jpg	2553063
overview/vegetable_dish_jin-qian-dan_overview.jpg	2873169
overview/vegetable_dish_jin-zhen-gu-ri-ben-dou-fu-bao_overview.jpg	2263077
overview/vegetable_dish_lei-jiao-pi-dan_overview.jpg	2762378
overview/vegetable_dish_liang-ban-dou-fu_overview.jpg	2100048
overview/vegetable_dish_liang-ban-huang-gua_overview.jpg	2395611
overview/vegetable_dish_liang-ban-jin-zhen-gu_overview.jpg	2753059
overview/vegetable_dish_liang-ban-you-mai-cai_overview.jpg	2517373
overview/vegetable_dish_pi-dan-dou-fu_overview.jpg	2511811
overview/vegetable_dish_pu-shao-qie-zi_overview.jpg	2456679
overview/vegetable_dish_qie-zi-dun-tu-dou_overview.jpg	3146003
overview/vegetable_dish_qing-chao-hua-cai_overview.jpg	2240061
overview/vegetable_dish_qing-zheng-nan-gua_overview.jpg	2277481
overview/vegetable_dish_shan-bei-ao-dou-jiao_overview.jpg	2479986
overview/vegetable_dish_shui-you-men-shu-cai_overview.jpg	1978070
overview/vegetable_dish_song-ren-yu-mi_overview.jpg	2167897
overview/vegetable_dish_su-chao-dou-jiao_overview.jpg	2544918
overview/vegetable_dish_suan-la-tu-dou-si_overview.jpg	2320431
overview/vegetable_dish_suan-rong-xi-lan-hua_overview.jpg	2384020
overview/vegetable_dish_xi-hong-shi-chao-ji-dan_overview.jpg	2390868
overview/vegetable_dish_yin-du-hu-lu-wan-zi_overview.jpg	3023656
overview/vegetable_dish_yin-du-tu-dou-hua-cai--aloo-gobi_overview.jpg	2994485
overview/vegetable_dish_you-cu-bao-dan_overview.jpg	2498239
steps/aquatic_ga-li-chao-xie/step_1.jpg	1738346
steps/aquatic_ga-li-chao-xie/step_10.jpg	1718754
steps/aquatic_ga-li-chao-xie/step_11.jpg	1813364
steps/aquatic_ga-li-chao-xie/step_2.jpg	1777655
steps/aquatic_ga-li-chao-xie/step_3.jpg	1338191
steps/aquatic_ga-li-chao-xie/step_4.jpg	1339704
steps/aquatic_ga-li-chao-xie/step_5.jpg	1747396
steps/aquatic_ga-li-chao-xie/step_6.jpg	1772008
steps/aquatic_ga-li-chao-xie/step_7.jpg	1532121
steps/aquatic_ga-li-chao-xie/step_8.jpg	1733898
steps/aquatic_ga-li-chao-xie/step_9.jpg	1605983
steps/aquatic_hong-shao-li-yu/step_1.jpg	1768563
steps/aquatic_hong-shao-li-yu/step_2.jpg	1446927
steps/aquatic_hong-shao-li-yu/step_3.jpg	1559589
steps/aquatic_hong-shao-li-yu/step_4.jpg	1579487
steps/aquatic_hong-shao-li-yu/step_5.jpg	1722512
steps/aquatic_hong-shao-li-yu/step_6.jpg	1489234
steps/aquatic_hong-shao-li-yu/step_7.jpg	1719128
steps/aquatic_hong-shao-li-yu/step_8.jpg	1733310
steps/aquatic_hong-shao-li-yu/step_9.jpg	1699449
steps/aquatic_hong-shao-yu-tou/step_1.jpg	1651866
steps/aquatic_hong-shao-yu-tou/step_2.jpg	1621918
steps/aquatic_hong-shao-yu-tou/step_3.jpg	1644721
steps/aquatic_hong-shao-yu-tou/step_4.jpg	1647294
steps/aquatic_hong-shao-yu-tou/step_5.jpg	1681411
steps/aquatic_hong-shao-yu-tou/step_6.jpg	1394351
steps/aquatic_hong-shao-yu-tou/step_7.jpg	1858610
steps/aquatic_hong-shao-yu/step_1.jpg	1422693
steps/aquatic_hong-shao-yu/step_10.jpg	1671459
steps/aquatic_hong-shao-yu/step_2.jpg	1702946
steps/aquatic_hong-shao-yu/step_3.jpg	1621916
steps/aquatic_hong-shao-yu/step_4.jpg	1763449
steps/aquatic_hong-shao-yu/step_5.jpg	1700286
steps/aquatic_hong-shao-yu/step_6.jpg	1677773
steps/aquatic_hong-shao-yu/step_7.jpg	1675537
steps/aquatic_hong-shao-yu/step_8.jpg	1554291
steps/aquatic_hong-shao-yu/step_9.jpg	1757608
steps/aquatic_jiang-dun-xie/step_1.jpg	1631135
steps/aquatic_jiang-dun-xie/step_2.jpg	1827631
steps/aquatic_jiang-dun-xie/step_3.jpg	1536458
steps/aquatic_jiang-dun-xie/step_4.jpg	1694882
steps/aquatic_jiang-dun-xie/step_5.jpg	1480883
steps/aquatic_qing-zheng-sheng-hao/step_1.jpg	1451963
steps/aquatic_qing-zheng-sheng-hao/step_2.jpg	1627787
steps/aquatic_qing-zheng-sheng-hao/step_3.jpg	1477909
steps/aquatic_qing-zheng-sheng-hao/step_4.jpg	1625226
steps/aquatic_qing-zheng-sheng-hao/step_5.jpg	1632769
steps/aquatic_qing-zheng-sheng-hao/step_6.jpg	1326442
steps/aquatic_rou-xie-bao/step_1.jpg	1597930
steps/aquatic_rou-xie-bao/step_2.jpg	1831596
steps/aquatic_rou-xie-bao/step_3.jpg	2008115
steps/aquatic_rou-xie-bao/step_4.jpg	1655875
steps/aquatic_rou-xie-bao/step_5.jpg	1668936
steps/aquatic_shui-zhu-yu/step_1.jpg	1282657
steps/aquatic_shui-zhu-yu/step_10.jpg	1621537
steps/aquatic_shui-zhu-yu/step_11.jpg	1647517
steps/aquatic_shui-zhu-yu/step_2.jpg	1452531
steps/aquatic_shui-zhu-yu/step_3.jpg	1568725
steps/aquatic_shui-zhu-yu/step_4.jpg	1624216
steps/aquatic_shui-zhu-yu/step_5.jpg	1320308
steps/aquatic_shui-zhu-yu/step_6.jpg	1728767
steps/aquatic_shui-zhu-yu/step_7.jpg	1592693
steps/aquatic_shui-zhu-yu/step_8.jpg	1726961
steps/aquatic_shui-zhu-yu/step_9.jpg	1714150
steps/aquatic_wei-bo-cong-jiang-hei-xue-yu/step_1.jpg	1365214
steps/aquatic_wei-bo-cong-jiang-hei-xue-yu/step_2.jpg	1550110
steps/aquatic_wei-bo-cong-jiang-hei-xue-yu/step_3.jpg	1429021
steps/aquatic_wei-bo-cong-jiang-hei-xue-yu/step_4.jpg	1620364
steps/aquatic_wei-bo-cong-jiang-hei-xue-yu/step_5.jpg	1550844
steps/aquatic_wei-bo-cong-jiang-hei-xue-yu/step_6.jpg	1412307
steps/aquatic_wei-bo-cong-jiang-hei-xue-yu/step_7.jpg	1326174
steps/aquatic_wei-bo-cong-jiang-hei-xue-yu/step_8.jpg	1458664
steps/aquatic_wei-bo-cong-jiang-hei-xue-yu/step_9.jpg	1756073
steps/aquatic_xiang-you-shan-si/step_1.jpg	1603503
steps/aquatic_xiang-you-shan-si/step_10.jpg	1676035
steps/aquatic_xiang-you-shan-si/step_11.jpg	1418198
steps/aquatic_xiang-you-shan-si/step_12.jpg	1483883
steps/aquatic_xiang-you-shan-si/step_13.jpg	1555478
steps/aquatic_xiang-you-shan-si/step_2.jpg	1334288
steps/aquatic_xiang-you-shan-si/step_3.jpg	1397855
steps/aquatic_xiang-you-shan-si/step_4.jpg	1658442
steps/aquatic_xiang-you-shan-si/step_5.jpg	1585621
steps/aquatic_xiang-you-shan-si/step_6.jpg	1585201
steps/aquatic_xiang-you-shan-si/step_7.jpg	1737157
steps/aquatic_xiang-you-shan-si/step_8.jpg	1525334
steps/aquatic_xiang-you-shan-si/step_9.jpg	1769078
steps/breakfast_cha-ye-dan/step_1.jpg	1423217
steps/breakfast_cha-ye-dan/step_2.jpg	1524060
steps/breakfast_cha-ye-dan/step_3.jpg	1433151
steps/breakfast_cha-ye-dan/step_4.jpg	1664422
steps/breakfast_cha-ye-dan/step_5.jpg	1568962
steps/breakfast_cha-ye-dan/step_6.jpg	1529491
steps/breakfast_dan-jian-ci-ba/step_1.jpg	1403359
steps/breakfast_dan-jian-ci-ba/step_2.jpg	1403131
steps/breakfast_dan-jian-ci-ba/step_3.jpg	1395116
steps/breakfast_dan-jian-ci-ba/step_4.jpg	1250681
steps/breakfast_dan-jian-ci-ba/step_5.jpg	1424721
steps/breakfast_dan-jian-ci-ba/step_6.jpg	1501859
steps/breakfast_gui-yuan-hong-zao-zhou/step_1.jpg	1399614
steps/breakfast_gui-yuan-hong-zao-zhou/step_2.jpg	1404397
steps/breakfast_gui-yuan-hong-zao-zhou/step_3.jpg	1455419
steps/breakfast_gui-yuan-hong-zao-zhou/step_4.jpg	1460438
steps/breakfast_gui-yuan-hong-zao-zhou/step_5.jpg	1616969
steps/breakfast_han-guo-ma-yao-ji-dan/step_1.jpg	1497198
steps/breakfast_han-guo-ma-yao-ji-dan/step_2.jpg	1420795
steps/breakfast_han-guo-ma-yao-ji-dan/step_3.jpg	1522795
steps/breakfast_han-guo-ma-yao-ji-dan/step_4.jpg	1556855
steps/breakfast_han-guo-ma-yao-ji-dan/step_5.jpg	1065893
steps/breakfast_han-guo-ma-yao-ji-dan/step_6.jpg	1628509
steps/breakfast_han-guo-ma-yao-ji-dan/step_7.jpg	1192699
steps/breakfast_ji-dan-san-ming-zhi/step_1.jpg	1387832
steps/breakfast_ji-dan-san-ming-zhi/step_2.jpg	1618847
steps/breakfast_ji-dan-san-ming-zhi/step_3.jpg	1489391
steps/breakfast_ji-dan-san-ming-zhi/step_4.jpg	1646858
steps/breakfast_ji-dan-san-ming-zhi/step_5.jpg	1403330
steps/breakfast_ji-dan-san-ming-zhi/step_6.jpg	1508659
steps/breakfast_jian-jiao-de-zuo-fa/step_1.jpg	1528592
steps/breakfast_jian-jiao-de-zuo-fa/step_10.jpg	1521451
steps/breakfast_jian-jiao-de-zuo-fa/step_2.jpg	1495833
steps/breakfast_jian-jiao-de-zuo-fa/step_3.jpg	1536652
steps/breakfast_jian-jiao-de-zuo-fa/step_4.jpg	1458857
steps/breakfast_jian-jiao-de-zuo-fa/step_5.jpg	1601222
steps/breakfast_jian-jiao-de-zuo-fa/step_6.jpg	1571906
steps/breakfast_jian-jiao-de-zuo-fa/step_7.jpg	1338052
steps/breakfast_jian-jiao-de-zuo-fa/step_8.jpg	1328510
steps/breakfast_jian-jiao-de-zuo-fa/step_9.jpg	1658215
steps/breakfast_jin-qiang-yu-jiang-san-ming-zhi/step_1.jpg	1764535
steps/breakfast_jin-qiang-yu-jiang-san-ming-zhi/step_2.jpg	1461732
steps/breakfast_jin-qiang-yu-jiang-san-ming-zhi/step_3.jpg	1584053
steps/breakfast_jin-qiang-yu-jiang-san-ming-zhi/step_4.jpg	1380625
steps/breakfast_jin-qiang-yu-jiang-san-ming-zhi/step_5.jpg	1556556
steps/breakfast_kong-qi-zha-guo-mian-bao-pian/step_1.jpg	1257072
steps/breakfast_kong-qi-zha-guo-mian-bao-pian/step_2.jpg	1552755
steps/breakfast_kong-qi-zha-guo-mian-bao-pian/step_3.jpg	1093169
steps/breakfast_kong-qi-zha-guo-mian-bao-pian/step_4.jpg	1228659
steps/breakfast_mei-shi-chao-dan/step_1.jpg	1310170
steps/breakfast_mei-shi-chao-dan/step_2.jpg	1476277
steps/breakfast_mei-shi-chao-dan/step_3.jpg	1489129
steps/breakfast_mei-shi-chao-dan/step_4.jpg	1350013
steps/breakfast_niu-nai-yan-mai/step_1.jpg	1006199
steps/breakfast_niu-nai-yan-mai/step_2.jpg	1479683
steps/breakfast_niu-nai-yan-mai/step_3.jpg	1493299
steps/breakfast_niu-nai-yan-mai/step_4.jpg	1605056
steps/breakfast_niu-nai-yan-mai/step_5.jpg	1461286
steps/breakfast_shou-zhua-bing/step_1.jpg	1369454
steps/breakfast_shou-zhua-bing/step_2.jpg	1502263
steps/breakfast_shou-zhua-bing/step_3.jpg	1502660
steps/breakfast_shou-zhua-bing/step_4.jpg	1416736
steps/breakfast_shou-zhua-bing/step_5.jpg	1508131
steps/breakfast_shou-zhua-bing/step_6.jpg	1318251
steps/breakfast_shui-zhu-yu-mi/step_1.jpg	1387701
steps/breakfast_shui-zhu-yu-mi/step_2.jpg	1367142
steps/breakfast_shui-zhu-yu-mi/step_3.jpg	1609286
steps/breakfast_shui-zhu-yu-mi/step_4.jpg	1481391
steps/breakfast_tai-yang-dan/step_1.jpg	1415312
steps/breakfast_tai-yang-dan/step_2.jpg	1235546
steps/breakfast_tai-yang-dan/step_3.jpg	1216557
steps/breakfast_tai-yang-dan/step_4.jpg	1290296
steps/breakfast_tang-xin-dan/step_1.jpg	1415440
steps/breakfast_tang-xin-dan/step_2.jpg	1493343
steps/breakfast_tang-xin-dan/step_3.jpg	1509740
steps/breakfast_tang-xin-dan/step_4.jpg	1390268
steps/breakfast_tang-xin-dan/step_5.jpg	1339872
steps/breakfast_tu-si-guo-jiang-de-zuo-fa/step_1.jpg	1452136
steps/breakfast_tu-si-guo-jiang-de-zuo-fa/step_2.jpg	1475284
steps/breakfast_tu-si-guo-jiang-de-zuo-fa/step_3.jpg	1372369
steps/breakfast_tu-si-guo-jiang-de-zuo-fa/step_4.jpg	1300764
steps/breakfast_tu-si-guo-jiang-de-zuo-fa/step_5.jpg	1510175
steps/breakfast_wan-mei-shui-zhu-dan/step_1.jpg	1599743
steps/breakfast_wan-mei-shui-zhu-dan/step_2.jpg	1456381
steps/breakfast_wan-mei-shui-zhu-dan/step_3.jpg	1309497
steps/breakfast_wan-mei-shui-zhu-dan/step_4.jpg	1310476
steps/breakfast_wan-mei-shui-zhu-dan/step_5.jpg	1349455
steps/breakfast_wan-mei-shui-zhu-dan/step_6.jpg	1493288
steps/breakfast_wan-mei-shui-zhu-dan/step_7.jpg	1408260
steps/breakfast_wei-bo-lu-dan-gao/step_1.jpg	1519879
steps/breakfast_wei-bo-lu-dan-gao/step_2.jpg	1221259
steps/breakfast_wei-bo-lu-dan-gao/step_3.jpg	1166339
steps/breakfast_wei-bo-lu-dan-gao/step_4.jpg	1499202
steps/breakfast_wei-bo-lu-he-bao-dan/step_1.jpg	1325126
steps/breakfast_wei-bo-lu-he-bao-dan/step_2.jpg	1397074
steps/breakfast_wei-bo-lu-he-bao-dan/step_3.jpg	1378505
steps/breakfast_wei-bo-lu-he-bao-dan/step_4.jpg	1340389
steps/breakfast_wei-bo-lu-he-bao-dan/step_5.jpg	1479060
steps/breakfast_wei-bo-lu-he-bao-dan/step_6.jpg	1283376
steps/breakfast_wei-bo-lu-zheng-dan/step_1.jpg	1533331
steps/breakfast_wei-bo-lu-zheng-dan/step_2.jpg	1535297
steps/breakfast_wei-bo-lu-zheng-dan/step_3.jpg	1570351
steps/breakfast_wei-bo-lu-zheng-dan/step_4.jpg	901500
steps/breakfast_wei-bo-lu-zheng-dan/step_5.jpg	1553223
steps/breakfast_wei-bo-lu-zheng-dan/step_6.jpg	1406562
steps/breakfast_yan-mai-ji-dan-bing/step_1.jpg	1616065
steps/breakfast_yan-mai-ji-dan-bing/step_2.jpg	1091303
steps/breakfast_yan-mai-ji-dan-bing/step_3.jpg	1332982
steps/breakfast_yan-mai-ji-dan-bing/step_4.jpg	1709931
steps/breakfast_yan-mai-ji-dan-bing/step_5.jpg	1370951
steps/breakfast_yan-mai-ji-dan-bing/step_6.jpg	1699260
steps/breakfast_yan-mai-ji-dan-bing/step_7.jpg	1639685
steps/breakfast_yan-mai-ji-dan-bing/step_8.jpg	1481842
steps/breakfast_yi-shi-xiang-chang-bei-fei-dan/step_1.jpg	1577964
steps/breakfast_yi-shi-xiang-chang-bei-fei-dan/step_10.jpg	1638512
steps/breakfast_yi-shi-xiang-chang-bei-fei-dan/step_2.jpg	1304718
steps/breakfast_yi-shi-xiang-chang-bei-fei-dan/step_3.jpg	1925938
steps/breakfast_yi-shi-xiang-chang-bei-fei-dan/step_4.jpg	1685283
steps/breakfast_yi-shi-xiang-chang-bei-fei-dan/step_5.jpg	1337600
steps/breakfast_yi-shi-xiang-chang-bei-fei-dan/step_6.jpg	1859250
steps/breakfast_yi-shi-xiang-chang-bei-fei-dan/step_7.jpg	1584140
steps/breakfast_yi-shi-xiang-chang-bei-fei-dan/step_8.jpg	1776197
steps/breakfast_yi-shi-xiang-chang-bei-fei-dan/step_9.jpg	1687644
steps/breakfast_zheng-hua-juan/step_1.jpg	1268808
steps/breakfast_zheng-hua-juan/step_2.jpg	1364716
steps/breakfast_zheng-hua-juan/step_3.jpg	1463392
steps/breakfast_zheng-hua-juan/step_4.jpg	1490445
steps/breakfast_zheng-hua-juan/step_5.jpg	1443621
steps/breakfast_zheng-hua-juan/step_6.jpg	1276090
steps/breakfast_zheng-hua-juan/step_7.jpg	1417917
steps/breakfast_zheng-shui-dan/step_1.jpg	1068012
steps/breakfast_zheng-shui-dan/step_2.jpg	1118337
steps/breakfast_zheng-shui-dan/step_3.jpg	1314404
steps/breakfast_zheng-shui-dan/step_4.jpg	1493997
steps/breakfast_zheng-shui-dan/step_5.jpg	1347203
steps/condiment_cong-you/step_1.jpg	1752975
steps/condiment_cong-you/step_2.jpg	1586370
steps/condiment_cong-you/step_3.jpg	1604336
steps/condiment_cong-you/step_4.jpg	1148757
steps/condiment_cong-you/step_5.jpg	1702578
steps/condiment_jian-yi-ban-chao-tang-se-de-zuo-fa/step_1.jpg	1659751
steps/condiment_jian-yi-ban-chao-tang-se-de-zuo-fa/step_2.jpg	1658994
steps/condiment_jian-yi-ban-chao-tang-se-de-zuo-fa/step_3.jpg	1700509
steps/condiment_jian-yi-ban-chao-tang-se-de-zuo-fa/step_4.jpg	1622868
steps/condiment_jian-yi-ban-chao-tang-se-de-zuo-fa/step_5.jpg	1742891
steps/condiment_jian-yi-ban-chao-tang-se-de-zuo-fa/step_6.jpg	1546620
steps/condiment_jian-yi-ban-chao-tang-se-de-zuo-fa/step_7.jpg	1721212
steps/condiment_jian-yi-ban-chao-tang-se-de-zuo-fa/step_8.jpg	1831953
steps/condiment_suan-xiang-jiang-you/step_1.jpg	1744402
steps/condiment_suan-xiang-jiang-you/step_2.jpg	1355537
steps/condiment_suan-xiang-jiang-you/step_3.jpg	1724953
steps/condiment_suan-xiang-jiang-you/step_4.jpg	1710755
steps/condiment_tang-cu-zhi/step_1.jpg	1230747
steps/condiment_tang-cu-zhi/step_2.jpg	1368803
steps/condiment_tang-cu-zhi/step_3.jpg	1424063
steps/condiment_tang-cu-zhi/step_4.jpg	1568508
steps/condiment_you-su/step_1.jpg	1410904
steps/condiment_you-su/step_2.jpg	1630044
steps/condiment_you-su/step_3.jpg	1333338
steps/condiment_zha-chuan-jiang-liao/step_1.jpg	1462315
steps/condiment_zha-chuan-jiang-liao/step_2.jpg	1645496
steps/condiment_zha-chuan-jiang-liao/step_3.jpg	1789270
steps/condiment_zha-chuan-jiang-liao/step_4.jpg	1736146
steps/dessert_hu-luo-bo-tian-gao/step_1.jpg	1525874
steps/dessert_hu-luo-bo-tian-gao/step_10.jpg	1782913
steps/dessert_hu-luo-bo-tian-gao/step_11.jpg	1498719
steps/dessert_hu-luo-bo-tian-gao/step_12.jpg	1547272
steps/dessert_hu-luo-bo-tian-gao/step_2.jpg	1450682
steps/dessert_hu-luo-bo-tian-gao/step_3.jpg	1392680
steps/dessert_hu-luo-bo-tian-gao/step_4.jpg	1422055
steps/dessert_hu-luo-bo-tian-gao/step_5.jpg	1247364
steps/dessert_hu-luo-bo-tian-gao/step_6.jpg	1648708
steps/dessert_hu-luo-bo-tian-gao/step_7.jpg	1514195
steps/dessert_hu-luo-bo-tian-gao/step_8.jpg	1669961
steps/dessert_hu-luo-bo-tian-gao/step_9.jpg	1485529
steps/drink_b52-hong-zha-ji/step_1.jpg	1086317
steps/drink_b52-hong-zha-ji/step_2.jpg	1347309
steps/drink_b52-hong-zha-ji/step_3.jpg	1368605
steps/drink_b52-hong-zha-ji/step_4.jpg	1288017
steps/drink_b52-hong-zha-ji/step_5.jpg	1374015
steps/drink_dong-gua-cha/step_1.jpg	1196264
steps/drink_dong-gua-cha/step_2.jpg	1664978
steps/drink_dong-gua-cha/step_3.jpg	1582914
steps/drink_dong-gua-cha/step_4.jpg	1674468
steps/drink_dong-gua-cha/step_5.jpg	1246825
steps/drink_dong-gua-cha/step_6.jpg	1488971
steps/drink_ke-le-tong/step_1.jpg	1190780
steps/drink_ke-le-tong/step_2.jpg	1586147
steps/drink_ke-le-tong/step_3.jpg	1459816
steps/drink_ke-le-tong/step_4.jpg	1476937
steps/drink_ke-le-tong/step_5.jpg	1491528
steps/drink_ke-le-tong/step_6.jpg	1506399
steps/drink_mojito-mo-ji-tuo/step_1.jpg	1307012
steps/drink_mojito-mo-ji-tuo/step_10.jpg	1467945
steps/drink_mojito-mo-ji-tuo/step_11.jpg	1493157
steps/drink_mojito-mo-ji-tuo/step_2.jpg	1544825
steps/drink_mojito-mo-ji-tuo/step_3.jpg	1292117
steps/drink_mojito-mo-ji-tuo/step_4.jpg	1333570
steps/drink_mojito-mo-ji-tuo/step_5.jpg	1345386
steps/drink_mojito-mo-ji-tuo/step_6.jpg	1559238
steps/drink_mojito-mo-ji-tuo/step_7.jpg	1283906
steps/drink_mojito-mo-ji-tuo/step_8.jpg	1559676
steps/drink_mojito-mo-ji-tuo/step_9.jpg	1330640
steps/drink_nai-cha-de-zuo-fa/step_1.jpg	1303727
steps/drink_nai-cha-de-zuo-fa/step_2.jpg	1442032
steps/drink_nai-cha-de-zuo-fa/step_3.jpg	1403761
steps/drink_nai-cha-de-zuo-fa/step_4.jpg	1174584
steps/drink_niu-you-guo-la-xi/step_1.jpg	1315922
steps/drink_niu-you-guo-la-xi/step_2.jpg	1214766
steps/drink_niu-you-guo-la-xi/step_3.jpg	1506282
steps/drink_niu-you-guo-la-xi/step_4.jpg	1445175
steps/drink_niu-you-guo-la-xi/step_5.jpg	1246301
steps/drink_niu-you-guo-la-xi/step_6.jpg	1378533
steps/drink_suan-mei-tang-（-ban-cheng-pin-jia-gong-）/step_1.jpg	1431693
steps/drink_suan-mei-tang-（-ban-cheng-pin-jia-gong-）/step_2.jpg	1626644
steps/drink_suan-mei-tang-（-ban-cheng-pin-jia-gong-）/step_3.jpg	1266834
steps/drink_suan-mei-tang-（-ban-cheng-pin-jia-gong-）/step_4.jpg	1375247
steps/drink_suan-mei-tang-（-ban-cheng-pin-jia-gong-）/step_5.jpg	1597660
steps/drink_yang-zhi-gan-lu/step_1.jpg	1462886
steps/drink_yang-zhi-gan-lu/step_2.jpg	1194644
steps/drink_yang-zhi-gan-lu/step_3.jpg	1439756
steps/drink_yang-zhi-gan-lu/step_4.jpg	1431702
steps/drink_yang-zhi-gan-lu/step_5.jpg	1338932
steps/drink_yin-du-nai-cha--masala-chai/step_1.jpg	1582824
steps/drink_yin-du-nai-cha--masala-chai/step_10.jpg	1306127
steps/drink_yin-du-nai-cha--masala-chai/step_11.jpg	1427617
steps/drink_yin-du-nai-cha--masala-chai/step_12.jpg	1559913
steps/drink_yin-du-nai-cha--masala-chai/step_13.jpg	1597878
steps/drink_yin-du-nai-cha--masala-chai/step_14.jpg	1540975
steps/drink_yin-du-nai-cha--masala-chai/step_2.jpg	1602038
steps/drink_yin-du-nai-cha--masala-chai/step_3.jpg	1975107
steps/drink_yin-du-nai-cha--masala-chai/step_4.jpg	1453072
steps/drink_yin-du-nai-cha--masala-chai/step_5.jpg	1424332
steps/drink_yin-du-nai-cha--masala-chai/step_6.jpg	1488913
steps/drink_yin-du-nai-cha--masala-chai/step_7.jpg	1510714
steps/drink_yin-du-nai-cha--masala-chai/step_8.jpg	1480402
steps/drink_yin-du-nai-cha--masala-chai/step_9.jpg	1499246
steps/drink_zhang-dao-bing-cha/step_1.jpg	1181010
steps/drink_zhang-dao-bing-cha/step_2.jpg	1252305
steps/drink_zhang-dao-bing-cha/step_3.jpg	1325626
steps/drink_zhang-dao-bing-cha/step_4.jpg	1365476
steps/drink_zhang-dao-bing-cha/step_5.jpg	1570354
steps/drink_zhang-dao-bing-cha/step_6.jpg	1352598
steps/drink_zhang-dao-bing-cha/step_7.jpg	1449511
steps/meat_dish_bai-cai-zhu-rou-dun-fen-tiao/step_1.jpg	1575128
steps/meat_dish_bai-cai-zhu-rou-dun-fen-tiao/step_10.jpg	1641499
steps/meat_dish_bai-cai-zhu-rou-dun-fen-tiao/step_11.jpg	1691881
steps/meat_dish_bai-cai-zhu-rou-dun-fen-tiao/step_2.jpg	1490970
steps/meat_dish_bai-cai-zhu-rou-dun-fen-tiao/step_3.jpg	1483564
steps/meat_dish_bai-cai-zhu-rou-dun-fen-tiao/step_4.jpg	1474964
steps/meat_dish_bai-cai-zhu-rou-dun-fen-tiao/step_5.jpg	1407118
steps/meat_dish_bai-cai-zhu-rou-dun-fen-tiao/step_6.jpg	1477226
steps/meat_dish_bai-cai-zhu-rou-dun-fen-tiao/step_7.jpg	1491158
steps/meat_dish_bai-cai-zhu-rou-dun-fen-tiao/step_8.jpg	1669554
steps/meat_dish_bai-cai-zhu-rou-dun-fen-tiao/step_9.jpg	1733288
steps/meat_dish_dai-ba-zhou-zi/step_1.jpg	1784614
steps/meat_dish_dai-ba-zhou-zi/step_2.jpg	1774749
steps/meat_dish_dai-ba-zhou-zi/step_3.jpg	1362961
steps/meat_dish_dai-ba-zhou-zi/step_4.jpg	1493312
steps/meat_dish_dai-ba-zhou-zi/step_5.jpg	1625727
steps/meat_dish_dai-ba-zhou-zi/step_6.jpg	1537705
steps/meat_dish_fan-qie-hong-jiang/step_1.jpg	1489948
steps/meat_dish_fan-qie-hong-jiang/step_2.jpg	1572483
steps/meat_dish_fan-qie-hong-jiang/step_3.jpg	1794633
steps/meat_dish_fan-qie-hong-jiang/step_4.jpg	1793084
steps/meat_dish_fan-qie-hong-jiang/step_5.jpg	1422123
steps/meat_dish_fen-zheng-rou/step_1.jpg	1718150
steps/meat_dish_fen-zheng-rou/step_10.jpg	1677775
steps/meat_dish_fen-zheng-rou/step_11.jpg	1855130
steps/meat_dish_fen-zheng-rou/step_2.jpg	1593748
steps/meat_dish_fen-zheng-rou/step_3.jpg	1730636
steps/meat_dish_fen-zheng-rou/step_4.jpg	1598602
steps/meat_dish_fen-zheng-rou/step_5.jpg	1851519
steps/meat_dish_fen-zheng-rou/step_6.jpg	1505792
steps/meat_dish_fen-zheng-rou/step_7.jpg	1780132
steps/meat_dish_fen-zheng-rou/step_8.jpg	1695677
steps/meat_dish_fen-zheng-rou/step_9.jpg	1655917
steps/meat_dish_fu-ru-rou/step_1.jpg	1412784
steps/meat_dish_fu-ru-rou/step_2.jpg	1607391
steps/meat_dish_fu-ru-rou/step_3.jpg	1669549
steps/meat_dish_fu-ru-rou/step_4.jpg	1851998
steps/meat_dish_fu-ru-rou/step_5.jpg	1721158
steps/meat_dish_fu-ru-rou/step_6.jpg	1646130
steps/meat_dish_fu-ru-rou/step_7.jpg	1788005
steps/meat_dish_gu-lu-rou/step_1.jpg	1571416
steps/meat_dish_gu-lu-rou/step_10.jpg	1605933
steps/meat_dish_gu-lu-rou/step_11.jpg	1462194
steps/meat_dish_gu-lu-rou/step_12.jpg	1688434
steps/meat_dish_gu-lu-rou/step_2.jpg	1610908
steps/meat_dish_gu-lu-rou/step_3.jpg	1456309
steps/meat_dish_gu-lu-rou/step_4.jpg	1613759
steps/meat_dish_gu-lu-rou/step_5.jpg	1481314
steps/meat_dish_gu-lu-rou/step_6.jpg	1638077
steps/meat_dish_gu-lu-rou/step_7.jpg	1377589
steps/meat_dish_gu-lu-rou/step_8.jpg	1424270
steps/meat_dish_gu-lu-rou/step_9.jpg	1902579
steps/meat_dish_hong-shao-ji-chi/step_1.jpg	1318616
steps/meat_dish_hong-shao-ji-chi/step_10.jpg	1641550
steps/meat_dish_hong-shao-ji-chi/step_11.jpg	1830669
steps/meat_dish_hong-shao-ji-chi/step_12.jpg	1603012
steps/meat_dish_hong-shao-ji-chi/step_13.jpg	1483600
steps/meat_dish_hong-shao-ji-chi/step_14.jpg	1729368
steps/meat_dish_hong-shao-ji-chi/step_15.jpg	1409604
steps/meat_dish_hong-shao-ji-chi/step_16.jpg	1762016
steps/meat_dish_hong-shao-ji-chi/step_2.jpg	1472230
steps/meat_dish_hong-shao-ji-chi/step_3.jpg	1326324
steps/meat_dish_hong-shao-ji-chi/step_4.jpg	1657941
steps/meat_dish_hong-shao-ji-chi/step_5.jpg	1475814
steps/meat_dish_hong-shao-ji-chi/step_6.jpg	1797788
steps/meat_dish_hong-shao-ji-chi/step_7.jpg	1731522
steps/meat_dish_hong-shao-ji-chi/step_8.jpg	1542081
steps/meat_dish_hong-shao-ji-chi/step_9.jpg	1720078
steps/meat_dish_hu-pi-zhou-zi/step_1.jpg	1445403
steps/meat_dish_hu-pi-zhou-zi/step_2.jpg	1659135
steps/meat_dish_hu-pi-zhou-zi/step_3.jpg	1574681
steps/meat_dish_hu-pi-zhou-zi/step_4.jpg	1487368
steps/meat_dish_hu-pi-zhou-zi/step_5.jpg	1637144
steps/meat_dish_hu-pi-zhou-zi/step_6.jpg	1665447
steps/meat_dish_hu-pi-zhou-zi/step_7.jpg	1541628
steps/meat_dish_hu-pi-zhou-zi/step_8.jpg	1681515
steps/meat_dish_huang-gua-chao-rou/step_1.jpg	1812676
steps/meat_dish_huang-gua-chao-rou/step_2.jpg	1273466
steps/meat_dish_huang-gua-chao-rou/step_3.jpg	1633891
steps/meat_dish_huang-gua-chao-rou/step_4.jpg	1654584
steps/meat_dish_huang-gua-chao-rou/step_5.jpg	1596652
steps/meat_dish_huang-gua-chao-rou/step_6.jpg	1528198
steps/meat_dish_huang-gua-chao-rou/step_7.jpg	1626771
steps/meat_dish_huang-gua-chao-rou/step_8.jpg	1606794
steps/meat_dish_huang-men-ji/step_1.jpg	1620870
steps/meat_dish_huang-men-ji/step_10.jpg	1537092
steps/meat_dish_huang-men-ji/step_11.jpg	1561438
steps/meat_dish_huang-men-ji/step_12.jpg	1565533
steps/meat_dish_huang-men-ji/step_13.jpg	1601921
steps/meat_dish_huang-men-ji/step_2.jpg	1644280
steps/meat_dish_huang-men-ji/step_3.jpg	1803819
steps/meat_dish_huang-men-ji/step_4.jpg	1317415
steps/meat_dish_huang-men-ji/step_5.jpg	1503249
steps/meat_dish_huang-men-ji/step_6.jpg	1655388
steps/meat_dish_huang-men-ji/step_7.jpg	1542009
steps/meat_dish_huang-men-ji/step_8.jpg	1751762
steps/meat_dish_huang-men-ji/step_9.jpg	1856615
steps/meat_dish_huang-you-ji/step_1.jpg	1669370
steps/meat_dish_huang-you-ji/step_2.jpg	1654466
steps/meat_dish_huang-you-ji/step_3.jpg	1335642
steps/meat_dish_huang-you-ji/step_4.jpg	1332615
steps/meat_dish_huang-you-ji/step_5.jpg	1368978
steps/meat_dish_huang-you-ji/step_6.jpg	1354259
steps/meat_dish_huang-you-ji/step_7.jpg	1563094
steps/meat_dish_jian-jiao-chao-niu-rou/step_1.jpg	1442566
steps/meat_dish_jian-jiao-chao-niu-rou/step_2.jpg	1439922
steps/meat_dish_jian-jiao-chao-niu-rou/step_3.jpg	1794154
steps/meat_dish_jian-jiao-chao-niu-rou/step_4.jpg	1645844
steps/meat_dish_jian-jiao-chao-niu-rou/step_5.jpg	1669393
steps/meat_dish_jian-jiao-chao-niu-rou/step_6.jpg	1572495
steps/meat_dish_jiao-yan-pai-tiao/step_1.jpg	1497434
steps/meat_dish_jiao-yan-pai-tiao/step_2.jpg	1609874
steps/meat_dish_jiao-yan-pai-tiao/step_3.jpg	1529468
steps/meat_dish_jiao-yan-pai-tiao/step_4.jpg	1458191
steps/meat_dish_jiao-yan-pai-tiao/step_5.jpg	1318617
steps/meat_dish_jiao-yan-pai-tiao/step_6.jpg	1627419
steps/meat_dish_jiao-yan-pai-tiao/step_7.jpg	1811100
steps/meat_dish_jiao-yan-pai-tiao/step_8.jpg	1582674
steps/meat_dish_kao-ji-chi/step_1.jpg	1512829
steps/meat_dish_kao-ji-chi/step_2.jpg	1552179
steps/meat_dish_kao-ji-chi/step_3.jpg	1299316
steps/meat_dish_kao-ji-chi/step_4.jpg	1676261
steps/meat_dish_kao-ji-chi/step_5.jpg	1483465
steps/meat_dish_kao-ji-chi/step_6.jpg	1788988
steps/meat_dish_ke-le-ji-chi/step_1.jpg	1870705
steps/meat_dish_ke-le-ji-chi/step_2.jpg	1402321
steps/meat_dish_ke-le-ji-chi/step_3.jpg	1652048
steps/meat_dish_ke-le-ji-chi/step_4.jpg	1776903
steps/meat_dish_ke-le-ji-chi/step_5.jpg	1738425
steps/meat_dish_ke-le-ji-chi/step_6.jpg	1675922
steps/meat_dish_ke-le-ji-chi/step_7.jpg	1721788
steps/meat_dish_la-jiao-chao-rou/step_1.jpg	1586504
steps/meat_dish_la-jiao-chao-rou/step_2.jpg	1537382
steps/meat_dish_la-jiao-chao-rou/step_3.jpg	1620192
steps/meat_dish_la-jiao-chao-rou/step_4.jpg	1577345
steps/meat_dish_la-jiao-chao-rou/step_5.jpg	1659198
steps/meat_dish_la-jiao-chao-rou/step_6.jpg	1724681
steps/meat_dish_la-jiao-chao-rou/step_7.jpg	1775730
steps/meat_dish_la-jiao-chao-rou/step_8.jpg	1618228
steps/meat_dish_la-jiao-chao-rou/step_9.jpg	1844845
steps/meat_dish_leng-chi-tu/step_1.jpg	1579436
steps/meat_dish_leng-chi-tu/step_10.jpg	1585830
steps/meat_dish_leng-chi-tu/step_2.jpg	1638255
steps/meat_dish_leng-chi-tu/step_3.jpg	1696134
steps/meat_dish_leng-chi-tu/step_4.jpg	1491843
steps/meat_dish_leng-chi-tu/step_5.jpg	1440889
steps/meat_dish_leng-chi-tu/step_6.jpg	1737275
steps/meat_dish_leng-chi-tu/step_7.jpg	1729720
steps/meat_dish_leng-chi-tu/step_8.jpg	1784654
steps/meat_dish_leng-chi-tu/step_9.jpg	1697549
steps/meat_dish_luo-bo-dun-yang-pai/step_1.jpg	1297842
steps/meat_dish_luo-bo-dun-yang-pai/step_2.jpg	1497881
steps/meat_dish_luo-bo-dun-yang-pai/step_3.jpg	1561140
steps/meat_dish_luo-bo-dun-yang-pai/step_4.jpg	1271630
steps/meat_dish_luo-bo-dun-yang-pai/step_5.jpg	1567489
steps/meat_dish_luo-bo-dun-yang-pai/step_6.jpg	1423806
steps/meat_dish_luo-bo-dun-yang-pai/step_7.jpg	1438939
steps/meat_dish_luo-bo-dun-yang-pai/step_8.jpg	1352192
steps/meat_dish_luo-bo-dun-yang-pai/step_9.jpg	1695840
steps/meat_dish_ma-la-xiang-guo/step_1.jpg	1327732
steps/meat_dish_ma-la-xiang-guo/step_10.jpg	1835905
steps/meat_dish_ma-la-xiang-guo/step_11.jpg	1661994
steps/meat_dish_ma-la-xiang-guo/step_2.jpg	1432638
steps/meat_dish_ma-la-xiang-guo/step_3.jpg	1317509
steps/meat_dish_ma-la-xiang-guo/step_4.jpg	1592919
steps/meat_dish_ma-la-xiang-guo/step_5.jpg	1353150
steps/meat_dish_ma-la-xiang-guo/step_6.jpg	1618266
steps/meat_dish_ma-la-xiang-guo/step_7.jpg	1682265
steps/meat_dish_ma-la-xiang-guo/step_8.jpg	1757516
steps/meat_dish_ma-la-xiang-guo/step_9.jpg	1836153
steps/meat_dish_ma-yi-shang-shu/step_1.jpg	1620651
steps/meat_dish_ma-yi-shang-shu/step_10.jpg	1308571
steps/meat_dish_ma-yi-shang-shu/step_2.jpg	1666222
steps/meat_dish_ma-yi-shang-shu/step_3.jpg	1606822
steps/meat_dish_ma-yi-shang-shu/step_4.jpg	1567515
steps/meat_dish_ma-yi-shang-shu/step_5.jpg	1851382
steps/meat_dish_ma-yi-shang-shu/step_6.jpg	1674809
steps/meat_dish_ma-yi-shang-shu/step_7.jpg	1609798
steps/meat_dish_ma-yi-shang-shu/step_8.jpg	1692155
steps/meat_dish_ma-yi-shang-shu/step_9.jpg	1624811
steps/meat_dish_rou-bing-dun-dan/step_1.jpg	1564112
steps/meat_dish_rou-bing-dun-dan/step_2.jpg	1412156
steps/meat_dish_rou-bing-dun-dan/step_3.jpg	1557374
steps/meat_dish_sha-zhu-cai/step_1.jpg	1641686
steps/meat_dish_sha-zhu-cai/step_10.jpg	1593529
steps/meat_dish_sha-zhu-cai/step_11.jpg	1437718
steps/meat_dish_sha-zhu-cai/step_2.jpg	1186304
steps/meat_dish_sha-zhu-cai/step_3.jpg	1613273
steps/meat_dish_sha-zhu-cai/step_4.jpg	1852505
steps/meat_dish_sha-zhu-cai/step_5.jpg	1724347
steps/meat_dish_sha-zhu-cai/step_6.jpg	1711365
steps/meat_dish_sha-zhu-cai/step_7.jpg	1480794
steps/meat_dish_sha-zhu-cai/step_8.jpg	1469281
steps/meat_dish_sha-zhu-cai/step_9.jpg	1572556
steps/meat_dish_shan-xi-guo-you-rou/step_1.jpg	1265637
steps/meat_dish_shan-xi-guo-you-rou/step_2.jpg	1721903
steps/meat_dish_shan-xi-guo-you-rou/step_3.jpg	1446989
steps/meat_dish_shan-xi-guo-you-rou/step_4.jpg	1652669
steps/meat_dish_shan-xi-guo-you-rou/step_5.jpg	1554997
steps/meat_dish_shan-xi-guo-you-rou/step_6.jpg	1694289
steps/meat_dish_shan-xi-guo-you-rou/step_7.jpg	1803315
steps/meat_dish_shang-zhi-rou/step_1.jpg	1486133
steps/meat_dish_shang-zhi-rou/step_2.jpg	1855775
steps/meat_dish_shang-zhi-rou/step_3.jpg	1311462
steps/meat_dish_shang-zhi-rou/step_4.jpg	1786227
steps/meat_dish_shang-zhi-rou/step_5.jpg	1615536
steps/meat_dish_shi-zhi-pai-gu/step_1.jpg	1627362
steps/meat_dish_shi-zhi-pai-gu/step_2.jpg	1466995
steps/meat_dish_shi-zhi-pai-gu/step_3.jpg	1389171
steps/meat_dish_shi-zhi-pai-gu/step_4.jpg	1555789
steps/meat_dish_shi-zhi-pai-gu/step_5.jpg	1299423
steps/meat_dish_shi-zhi-pai-gu/step_6.jpg	1468969
steps/meat_dish_shi-zhi-pai-gu/step_7.jpg	1705374
steps/meat_dish_shui-zhu-rou-pian/step_1.jpg	1559065
steps/meat_dish_shui-zhu-rou-pian/step_10.jpg	1754228
steps/meat_dish_shui-zhu-rou-pian/step_11.jpg	1606598
steps/meat_dish_shui-zhu-rou-pian/step_12.jpg	1785819
steps/meat_dish_shui-zhu-rou-pian/step_2.jpg	1515013
steps/meat_dish_shui-zhu-rou-pian/step_3.jpg	1438192
steps/meat_dish_shui-zhu-rou-pian/step_4.jpg	1856026
steps/meat_dish_shui-zhu-rou-pian/step_5.jpg	1645307
steps/meat_dish_shui-zhu-rou-pian/step_6.jpg	1450151
steps/meat_dish_shui-zhu-rou-pian/step_7.jpg	1854081
steps/meat_dish_shui-zhu-rou-pian/step_8.jpg	1711606
steps/meat_dish_shui-zhu-rou-pian/step_9.jpg	1573650
steps/meat_dish_suan-tai-chao-rou-mo/step_1.jpg	1288762
steps/meat_dish_suan-tai-chao-rou-mo/step_2.jpg	1249737
steps/meat_dish_suan-tai-chao-rou-mo/step_3.jpg	1573094
steps/meat_dish_suan-tai-chao-rou-mo/step_4.jpg	1571508
steps/meat_dish_suan-tai-chao-rou-mo/step_5.jpg	1711029
steps/meat_dish_suan-tai-chao-rou-mo/step_6.jpg	1587413
steps/meat_dish_suan-tai-chao-rou-mo/step_7.jpg	1495275
steps/meat_dish_suan-tai-chao-rou-mo/step_8.jpg	1600978
steps/meat_dish_suan-tai-chao-rou-mo/step_9.jpg	1620248
steps/meat_dish_tang-cu-li-ji/step_1.jpg	1591765
steps/meat_dish_tang-cu-li-ji/step_2.jpg	1506843
steps/meat_dish_tang-cu-li-ji/step_3.jpg	1542943
steps/meat_dish_tang-cu-li-ji/step_4.jpg	1826907
steps/meat_dish_tang-cu-li-ji/step_5.jpg	1558637
steps/meat_dish_tang-cu-li-ji/step_6.jpg	1735918
steps/meat_dish_tang-cu-li-ji/step_7.jpg	1568136
steps/meat_dish_tian-la-kao-quan-chi/step_1.jpg	1642526
steps/meat_dish_tian-la-kao-quan-chi/step_2.jpg	1842573
steps/meat_dish_tian-la-kao-quan-chi/step_3.jpg	1553248
steps/meat_dish_tian-la-kao-quan-chi/step_4.jpg	1479647
steps/meat_dish_tian-la-kao-quan-chi/step_5.jpg	1810553
steps/meat_dish_tian-la-kao-quan-chi/step_6.jpg	1585588
steps/meat_dish_tian-la-kao-quan-chi/step_7.jpg	1396779
steps/meat_dish_tian-la-kao-quan-chi/step_8.jpg	1415071
steps/meat_dish_tian-la-kao-quan-chi/step_9.jpg	1656593
steps/meat_dish_xiang-cun-pi-jiu-ya/step_1.jpg	1724996
steps/meat_dish_xiang-cun-pi-jiu-ya/step_2.jpg	1483864
steps/meat_dish_xiang-cun-pi-jiu-ya/step_3.jpg	1597145
steps/meat_dish_xiang-cun-pi-jiu-ya/step_4.jpg	1616478
steps/meat_dish_xiang-cun-pi-jiu-ya/step_5.jpg	1563112
steps/meat_dish_xiang-cun-pi-jiu-ya/step_6.jpg	1411107
steps/meat_dish_xiang-cun-pi-jiu-ya/step_7.jpg	1731128
steps/meat_dish_xiang-gan-rou-si/step_1.jpg	1516844
steps/meat_dish_xiang-gan-rou-si/step_2.jpg	1467236
steps/meat_dish_xiang-gan-rou-si/step_3.jpg	1607566
steps/meat_dish_xiang-gan-rou-si/step_4.jpg	1578631
steps/meat_dish_xiang-gan-rou-si/step_5.jpg	1486810
steps/meat_dish_xiang-gan-rou-si/step_6.jpg	1645724
steps/meat_dish_xiang-gan-rou-si/step_7.jpg	1416311
steps/meat_dish_xiang-gan-rou-si/step_8.jpg	1683120
steps/meat_dish_xiang-gan-rou-si/step_9.jpg	1677762
steps/meat_dish_xiao-chao-rou/step_1.jpg	1445771
steps/meat_dish_xiao-chao-rou/step_10.jpg	1596750
steps/meat_dish_xiao-chao-rou/step_11.jpg	1716147
steps/meat_dish_xiao-chao-rou/step_2.jpg	1573607
steps/meat_dish_xiao-chao-rou/step_3.jpg	1661630
steps/meat_dish_xiao-chao-rou/step_4.jpg	1260104
steps/meat_dish_xiao-chao-rou/step_5.jpg	1346614
steps/meat_dish_xiao-chao-rou/step_6.jpg	1608644
steps/meat_dish_xiao-chao-rou/step_7.jpg	1603881
steps/meat_dish_xiao-chao-rou/step_8.jpg	1537445
steps/meat_dish_xiao-chao-rou/step_9.jpg	1547435
steps/meat_dish_xiao-mi-la-chao-rou/step_1.jpg	1371011
steps/meat_dish_xiao-mi-la-chao-rou/step_2.jpg	1441065
steps/meat_dish_xiao-mi-la-chao-rou/step_3.jpg	1401674
steps/meat_dish_xiao-mi-la-chao-rou/step_4.jpg	1951735
steps/meat_dish_xiao-su-rou/step_1.jpg	1467636
steps/meat_dish_xiao-su-rou/step_2.jpg	1543226
steps/meat_dish_xiao-su-rou/step_3.jpg	1782950
steps/meat_dish_xiao-su-rou/step_4.jpg	1491907
steps/meat_dish_xiao-su-rou/step_5.jpg	1516351
steps/meat_dish_xiao-su-rou/step_6.jpg	1662715
steps/meat_dish_xiao-su-rou/step_7.jpg	1777337
steps/meat_dish_yang-cong-chao-zhu-rou/step_1.jpg	1687623
steps/meat_dish_yang-cong-chao-zhu-rou/step_2.jpg	1552154
steps/meat_dish_yang-cong-chao-zhu-rou/step_3.jpg	1369277
steps/meat_dish_yang-cong-chao-zhu-rou/step_4.jpg	1483127
steps/meat_dish_yang-cong-chao-zhu-rou/step_5.jpg	1545283
steps/meat_dish_yang-cong-chao-zhu-rou/step_6.jpg	1567742
steps/meat_dish_yi-shi-kao-ji/step_1.jpg	1647731
steps/meat_dish_yi-shi-kao-ji/step_2.jpg	1276620
steps/meat_dish_yi-shi-kao-ji/step_3.jpg	1353504
steps/meat_dish_yi-shi-kao-ji/step_4.jpg	1654818
steps/meat_dish_yu-xiang-rou-si/step_1.jpg	1503172
steps/meat_dish_yu-xiang-rou-si/step_10.jpg	1541483
steps/meat_dish_yu-xiang-rou-si/step_11.jpg	1666836
steps/meat_dish_yu-xiang-rou-si/step_2.jpg	1493585
steps/meat_dish_yu-xiang-rou-si/step_3.jpg	1580904
steps/meat_dish_yu-xiang-rou-si/step_4.jpg	1522664
steps/meat_dish_yu-xiang-rou-si/step_5.jpg	1690425
steps/meat_dish_yu-xiang-rou-si/step_6.jpg	1429028
steps/meat_dish_yu-xiang-rou-si/step_7.jpg	1451815
steps/meat_dish_yu-xiang-rou-si/step_8.jpg	1626562
steps/meat_dish_yu-xiang-rou-si/step_9.jpg	1609939
steps/meat_dish_zhu-rou-hui-suan-cai/step_1.jpg	1507324
steps/meat_dish_zhu-rou-hui-suan-cai/step_10.jpg	1455649
steps/meat_dish_zhu-rou-hui-suan-cai/step_11.jpg	1511638
steps/meat_dish_zhu-rou-hui-suan-cai/step_12.jpg	1587616
steps/meat_dish_zhu-rou-hui-suan-cai/step_2.jpg	1584838
steps/meat_dish_zhu-rou-hui-suan-cai/step_3.jpg	1497938
steps/meat_dish_zhu-rou-hui-suan-cai/step_4.jpg	1773691
steps/meat_dish_zhu-rou-hui-suan-cai/step_5.jpg	1480640
steps/meat_dish_zhu-rou-hui-suan-cai/step_6.jpg	1639131
steps/meat_dish_zhu-rou-hui-suan-cai/step_7.jpg	1491543
steps/meat_dish_zhu-rou-hui-suan-cai/step_8.jpg	1448822
steps/meat_dish_zhu-rou-hui-suan-cai/step_9.jpg	1554665
steps/meat_dish_zi-ran-niu-rou/step_1.jpg	1464678
steps/meat_dish_zi-ran-niu-rou/step_2.jpg	1567364
steps/meat_dish_zi-ran-niu-rou/step_3.jpg	1831411
steps/meat_dish_zi-ran-niu-rou/step_4.jpg	1296865
steps/meat_dish_zi-ran-niu-rou/step_5.jpg	1751685
steps/meat_dish_zi-ran-niu-rou/step_6.jpg	1709325
steps/meat_dish_zi-ran-niu-rou/step_7.jpg	1469459
steps/meat_dish_zi-ran-niu-rou/step_8.jpg	1624375
steps/other_ang-ci-yu-dou-fu-tang/step_1.jpg	1851078
steps/other_ang-ci-yu-dou-fu-tang/step_2.jpg	1507748
steps/other_ang-ci-yu-dou-fu-tang/step_3.jpg	1780635
steps/other_ang-ci-yu-dou-fu-tang/step_4.jpg	1577420
steps/other_ang-ci-yu-dou-fu-tang/step_5.jpg	1619077
steps/other_ao-li-ao-bing-qi-lin/step_1.jpg	1556434
steps/other_ao-li-ao-bing-qi-lin/step_2.jpg	1475662
steps/other_ao-li-ao-bing-qi-lin/step_3.jpg	1290107
steps/other_ao-li-ao-bing-qi-lin/step_4.jpg	1304040
steps/other_ao-li-ao-bing-qi-lin/step_5.jpg	1602070
steps/other_ao-li-ao-bing-qi-lin/step_6.jpg	1379511
steps/other_ao-li-ao-bing-qi-lin/step_7.jpg	1347121
steps/other_ao-men-shi-ban-mian-zhi-niu-rou-fan/step_1.jpg	1567938
steps/other_ao-men-shi-ban-mian-zhi-niu-rou-fan/step_2.jpg	1509452
steps/other_ao-men-shi-ban-mian-zhi-niu-rou-fan/step_3.jpg	1633081
steps/other_ao-men-shi-ban-mian-zhi-niu-rou-fan/step_4.jpg	1583696
steps/other_ao-men-shi-ban-mian-zhi-niu-rou-fan/step_5.jpg	1583387
steps/other_ao-men-shi-ban-mian-zhi-niu-rou-fan/step_6.jpg	1804300
steps/other_ao-men-shi-ban-mian-zhi-niu-rou-fan/step_7.jpg	1538609
steps/other_ao-men-shi-ban-mian-zhi-niu-rou-fan/step_8.jpg	1559395
steps/other_ao-men-shi-ban-mian-zhi-niu-rou-fan/step_9.jpg	1615407
steps/other_ba-ba-gan-cha/step_1.jpg	1453076
steps/other_ba-ba-gan-cha/step_2.jpg	1398077
steps/other_ba-ba-gan-cha/step_3.jpg	1318849
steps/other_ba-ji-si-tan-niu-rou-ga-li/step_1.jpg	1268462
steps/other_ba-ji-si-tan-niu-rou-ga-li/step_10.jpg	1717293
steps/other_ba-ji-si-tan-niu-rou-ga-li/step_2.jpg	1366666
steps/other_ba-ji-si-tan-niu-rou-ga-li/step_3.jpg	1590702
steps/other_ba-ji-si-tan-niu-rou-ga-li/step_4.jpg	1552201
steps/other_ba-ji-si-tan-niu-rou-ga-li/step_5.jpg	1412111
steps/other_ba-ji-si-tan-niu-rou-ga-li/step_6.jpg	1818439
steps/other_ba-ji-si-tan-niu-rou-ga-li/step_7.jpg	1677755
steps/other_ba-ji-si-tan-niu-rou-ga-li/step_8.jpg	1599611
steps/other_ba-ji-si-tan-niu-rou-ga-li/step_9.jpg	1699058
steps/other_ba-si-tu-dou/step_1.jpg	1489279
steps/other_ba-si-tu-dou/step_2.jpg	1372066
steps/other_ba-si-tu-dou/step_3.jpg	1699409
steps/other_ba-si-tu-dou/step_4.jpg	1719012
steps/other_ba-si-tu-dou/step_5.jpg	1503883
steps/other_ba-si-tu-dou/step_6.jpg	1515174
steps/other_bai-xiang-guo-cheng-zi-te-diao/step_1.jpg	1436701
steps/other_bai-xiang-guo-cheng-zi-te-diao/step_2.jpg	1419324
steps/other_bai-xiang-guo-cheng-zi-te-diao/step_3.jpg	1409421
steps/other_bai-xiang-guo-cheng-zi-te-diao/step_4.jpg	1378545
steps/other_bai-zhuo-cai-xin-de-zuo-fa/step_1.jpg	1640387
steps/other_bai-zhuo-cai-xin-de-zuo-fa/step_2.jpg	1324342
steps/other_bai-zhuo-cai-xin-de-zuo-fa/step_3.jpg	1406244
steps/other_bai-zhuo-cai-xin-de-zuo-fa/step_4.jpg	1615242
steps/other_bai-zhuo-cai-xin-de-zuo-fa/step_5.jpg	1635080
steps/other_bai-zhuo-cai-xin-de-zuo-fa/step_6.jpg	1767847
steps/other_bai-zhuo-cai-xin-de-zuo-fa/step_7.jpg	1532839
steps/other_bai-zhuo-xia/step_1.jpg	1238363
steps/other_bai-zhuo-xia/step_2.jpg	1482363
steps/other_bai-zhuo-xia/step_3.jpg	1584151
steps/other_bai-zhuo-xia/step_4.jpg	1746590
steps/other_bai-zhuo-xia/step_5.jpg	1637784
steps/other_bao-cai-chao-ji-dan-fen-si/step_1.jpg	1495622
steps/other_bao-cai-chao-ji-dan-fen-si/step_10.jpg	1602022
steps/other_bao-cai-chao-ji-dan-fen-si/step_11.jpg	1574193
steps/other_bao-cai-chao-ji-dan-fen-si/step_2.jpg	1378568
steps/other_bao-cai-chao-ji-dan-fen-si/step_3.jpg	1436280
steps/other_bao-cai-chao-ji-dan-fen-si/step_4.jpg	1314402
steps/other_bao-cai-chao-ji-dan-fen-si/step_5.jpg	1635624
steps/other_bao-cai-chao-ji-dan-fen-si/step_6.jpg	1396344
steps/other_bao-cai-chao-ji-dan-fen-si/step_7.jpg	1612027
steps/other_bao-cai-chao-ji-dan-fen-si/step_8.jpg	1441124
steps/other_bao-cai-chao-ji-dan-fen-si/step_9.jpg	1698764
steps/other_bian-yu-dun-dou-fu/step_1.jpg	1425179
steps/other_bian-yu-dun-dou-fu/step_2.jpg	1492072
steps/other_bian-yu-dun-dou-fu/step_3.jpg	1723728
steps/other_bian-yu-dun-dou-fu/step_4.jpg	1761209
steps/other_bian-yu-dun-dou-fu/step_5.jpg	1783892
steps/other_bian-yu-dun-dou-fu/step_6.jpg	1429371
steps/other_bian-yu-dun-dou-fu/step_7.jpg	1516739
steps/other_bing-fen-de-zuo-fa/step_1.jpg	1228586
steps/other_bing-fen-de-zuo-fa/step_2.jpg	1664624
steps/other_bing-fen-de-zuo-fa/step_3.jpg	1412071
steps/other_bing-fen-de-zuo-fa/step_4.jpg	1533402
steps/other_bing-fen-de-zuo-fa/step_5.jpg	1507530
steps/other_bo-cai-chao-ji-dan/step_1.jpg	1627387
steps/other_bo-cai-chao-ji-dan/step_2.jpg	1454766
steps/other_bo-cai-chao-ji-dan/step_3.jpg	1660623
steps/other_bo-cai-chao-ji-dan/step_4.jpg	1366454
steps/other_bo-cai-chao-ji-dan/step_5.jpg	1531251
steps/other_bo-cai-chao-ji-dan/step_6.jpg	1487688
steps/other_bo-cai-chao-ji-dan/step_7.jpg	1587616
steps/other_bo-cai-chao-ji-dan/step_8.jpg	1568656
steps/other_bo-luo-ka-fei-te-diao/step_1.jpg	1352500
steps/other_bo-luo-ka-fei-te-diao/step_2.jpg	1460313
steps/other_bo-luo-ka-fei-te-diao/step_3.jpg	1234775
steps/other_bo-luo-ka-fei-te-diao/step_4.jpg	1356720
steps/other_cao-mei-bing-qi-lin/step_1.jpg	1615315
steps/other_cao-mei-bing-qi-lin/step_2.jpg	1482355
steps/other_cao-mei-bing-qi-lin/step_3.jpg	1536504
steps/other_cao-mei-bing-qi-lin/step_4.jpg	1546009
steps/other_cao-mei-bing-qi-lin/step_5.jpg	1293543
steps/other_cao-mei-bing-qi-lin/step_6.jpg	1548309
steps/other_cao-mei-bing-qi-lin/step_7.jpg	1157575
steps/other_cao-mei-jiang/step_1.jpg	1425935
steps/other_cao-mei-jiang/step_2.jpg	1522464
steps/other_cao-mei-jiang/step_3.jpg	1710467
steps/other_cao-mei-jiang/step_4.jpg	1535297
steps/other_cao-mei-jiang/step_5.jpg	1738751
steps/other_cao-mei-jiang/step_6.jpg	1762935
steps/other_cao-mei-jiang/step_7.jpg	1517555
steps/other_chao-fang-bian-mian-de-zuo-fa/step_1.jpg	1950331
steps/other_chao-fang-bian-mian-de-zuo-fa/step_2.jpg	1644687
steps/other_chao-fang-bian-mian-de-zuo-fa/step_3.jpg	1645812
steps/other_chao-fang-bian-mian-de-zuo-fa/step_4.jpg	1477458
steps/other_chao-fang-bian-mian-de-zuo-fa/step_5.jpg	1364832
steps/other_chao-fang-bian-mian-de-zuo-fa/step_6.jpg	1690863
steps/other_chao-fang-bian-mian-de-zuo-fa/step_7.jpg	1767489
steps/other_chao-hua-dan/step_1.jpg	1416519
steps/other_chao-hua-dan/step_2.jpg	1302169
steps/other_chao-hua-dan/step_3.jpg	1454673
steps/other_chao-hua-dan/step_4.jpg	1404869
steps/other_chao-hua-dan/step_5.jpg	1555349
steps/other_chao-liang-fen-de-zuo-fa/step_1.jpg	1451301
steps/other_chao-liang-fen-de-zuo-fa/step_2.jpg	1360894
steps/other_chao-liang-fen-de-zuo-fa/step_3.jpg	1485091
steps/other_chao-liang-fen-de-zuo-fa/step_4.jpg	1825896
steps/other_chao-liang-fen-de-zuo-fa/step_5.jpg	1649508
steps/other_chao-liang-fen-de-zuo-fa/step_6.jpg	1602867
steps/other_chao-liang-fen-de-zuo-fa/step_7.jpg	1334380
steps/other_chao-yi-da-li-mian/step_1.jpg	1416820
steps/other_chao-yi-da-li-mian/step_2.jpg	1639186
steps/other_chao-yi-da-li-mian/step_3.jpg	1225915
steps/other_chao-yi-da-li-mian/step_4.jpg	1690511
steps/other_chao-yi-da-li-mian/step_5.jpg	1627898
steps/other_chao-yi-da-li-mian/step_6.jpg	1619984
steps/other_chen-pi-pai-gu-tang/step_1.jpg	1604932
steps/other_chen-pi-pai-gu-tang/step_2.jpg	1644252
steps/other_chen-pi-pai-gu-tang/step_3.jpg	1433372
steps/other_chen-pi-pai-gu-tang/step_4.jpg	1435590
steps/other_chen-pi-pai-gu-tang/step_5.jpg	1532346
steps/other_chen-pi-pai-gu-tang/step_6.jpg	1467007
steps/other_chen-pi-pai-gu-tang/step_7.jpg	1424997
steps/other_cheng-bao-dan/step_1.jpg	1081951
steps/other_cheng-bao-dan/step_2.jpg	1540242
steps/other_cheng-bao-dan/step_3.jpg	1434606
steps/other_cheng-bao-dan/step_4.jpg	1409064
steps/other_chuan-wei-kao-yu/step_1.jpg	1660143
steps/other_chuan-wei-kao-yu/step_10.jpg	2008471
steps/other_chuan-wei-kao-yu/step_11.jpg	1975331
steps/other_chuan-wei-kao-yu/step_12.jpg	1664772
steps/other_chuan-wei-kao-yu/step_2.jpg	1576688
steps/other_chuan-wei-kao-yu/step_3.jpg	1541882
steps/other_chuan-wei-kao-yu/step_4.jpg	1453407
steps/other_chuan-wei-kao-yu/step_5.jpg	1590510
steps/other_chuan-wei-kao-yu/step_6.jpg	1427802
steps/other_chuan-wei-kao-yu/step_7.jpg	1409373
steps/other_chuan-wei-kao-yu/step_8.jpg	1412744
steps/other_chuan-wei-kao-yu/step_9.jpg	1752986
steps/other_cong-shao-hai-shen/step_1.jpg	1410799
steps/other_cong-shao-hai-shen/step_10.jpg	1631707
steps/other_cong-shao-hai-shen/step_11.jpg	1654789
steps/other_cong-shao-hai-shen/step_12.jpg	1601384
steps/other_cong-shao-hai-shen/step_2.jpg	1589157
steps/other_cong-shao-hai-shen/step_3.jpg	1454783
steps/other_cong-shao-hai-shen/step_4.jpg	1490126
steps/other_cong-shao-hai-shen/step_5.jpg	1581336
steps/other_cong-shao-hai-shen/step_6.jpg	1470921
steps/other_cong-shao-hai-shen/step_7.jpg	1456647
steps/other_cong-shao-hai-shen/step_8.jpg	1463084
steps/other_cong-shao-hai-shen/step_9.jpg	1369246
steps/other_cong-you-gui-yu/step_1.jpg	1603013
steps/other_cong-you-gui-yu/step_10.jpg	1157849
steps/other_cong-you-gui-yu/step_11.jpg	1484681
steps/other_cong-you-gui-yu/step_12.jpg	1635011
steps/other_cong-you-gui-yu/step_13.jpg	1602404
steps/other_cong-you-gui-yu/step_2.jpg	1350557
steps/other_cong-you-gui-yu/step_3.jpg	1493375
steps/other_cong-you-gui-yu/step_4.jpg	1639210
steps/other_cong-you-gui-yu/step_5.jpg	1492291
steps/other_cong-you-gui-yu/step_6.jpg	1497775
steps/other_cong-you-gui-yu/step_7.jpg	1560735
steps/other_cong-you-gui-yu/step_8.jpg	1529994
steps/other_cong-you-gui-yu/step_9.jpg	1457701
steps/other_di-san-xian/step_1.jpg	1613489
steps/other_di-san-xian/step_10.jpg	1641193
steps/other_di-san-xian/step_2.jpg	1344343
steps/other_di-san-xian/step_3.jpg	1387599
steps/other_di-san-xian/step_4.jpg	1435947
steps/other_di-san-xian/step_5.jpg	1656239
steps/other_di-san-xian/step_6.jpg	1388789
steps/other_di-san-xian/step_7.jpg	1675398
steps/other_di-san-xian/step_8.jpg	1826332
steps/other_di-san-xian/step_9.jpg	1871015
steps/other_dian-fan-bao-san-wen-yu-chui-fan/step_1.jpg	1538465
steps/other_dian-fan-bao-san-wen-yu-chui-fan/step_2.jpg	1567730
steps/other_dian-fan-bao-san-wen-yu-chui-fan/step_3.jpg	1363164
steps/other_dian-fan-bao-san-wen-yu-chui-fan/step_4.jpg	1436368
steps/other_dian-fan-bao-san-wen-yu-chui-fan/step_5.jpg	1484339
steps/other_dian-fan-bao-san-wen-yu-chui-fan/step_6.jpg	1235995
steps/other_dian-fan-bao-zheng-mi-fan/step_1.jpg	1148811
steps/other_dian-fan-bao-zheng-mi-fan/step_2.jpg	1417127
steps/other_dian-fan-bao-zheng-mi-fan/step_3.jpg	1451698
steps/other_dian-fan-bao-zheng-mi-fan/step_4.jpg	1243229
steps/other_dian-fan-bao-zheng-mi-fan/step_5.jpg	1471366
steps/other_dian-fan-bao-zheng-mi-fan/step_6.jpg	1488830
steps/other_dong-gua-niang-rou-de-zuo-fa/step_1.jpg	1559204
steps/other_dong-gua-niang-rou-de-zuo-fa/step_10.jpg	1603693
steps/other_dong-gua-niang-rou-de-zuo-fa/step_11.jpg	1482569
steps/other_dong-gua-niang-rou-de-zuo-fa/step_12.jpg	1576906
steps/other_dong-gua-niang-rou-de-zuo-fa/step_2.jpg	1431411
steps/other_dong-gua-niang-rou-de-zuo-fa/step_3.jpg	1623614
steps/other_dong-gua-niang-rou-de-zuo-fa/step_4.jpg	1488642
steps/other_dong-gua-niang-rou-de-zuo-fa/step_5.jpg	1241183
steps/other_dong-gua-niang-rou-de-zuo-fa/step_6.jpg	1396473
steps/other_dong-gua-niang-rou-de-zuo-fa/step_7.jpg	1369697
steps/other_dong-gua-niang-rou-de-zuo-fa/step_8.jpg	1492092
steps/other_dong-gua-niang-rou-de-zuo-fa/step_9.jpg	1362035
steps/other_dou-chi-ling-yu-you-mai-cai/step_1.jpg	1681345
steps/other_dou-chi-ling-yu-you-mai-cai/step_2.jpg	1537978
steps/other_dou-chi-ling-yu-you-mai-cai/step_3.jpg	1633164
steps/other_dou-chi-ling-yu-you-mai-cai/step_4.jpg	1496637
steps/other_dou-chi-ling-yu-you-mai-cai/step_5.jpg	1750469
steps/other_dou-jiao-men-mian/step_1.jpg	1358550
steps/other_dou-jiao-men-mian/step_10.jpg	1453244
steps/other_dou-jiao-men-mian/step_2.jpg	1838001
steps/other_dou-jiao-men-mian/step_3.jpg	1566781
steps/other_dou-jiao-men-mian/step_4.jpg	1548342
steps/other_dou-jiao-men-mian/step_5.jpg	1715202
steps/other_dou-jiao-men-mian/step_6.jpg	1636378
steps/other_dou-jiao-men-mian/step_7.jpg	1671719
steps/other_dou-jiao-men-mian/step_8.jpg	1439050
steps/other_dou-jiao-men-mian/step_9.jpg	1441360
steps/other_fan-sha-yu-tou/step_1.jpg	1228897
steps/other_fan-sha-yu-tou/step_2.jpg	1840762
steps/other_fan-sha-yu-tou/step_3.jpg	1545332
steps/other_fan-sha-yu-tou/step_4.jpg	1263676
steps/other_fan-sha-yu-tou/step_5.jpg	1672149
steps/other_fan-sha-yu-tou/step_6.jpg	1667722
steps/other_fan-sha-yu-tou/step_7.jpg	1466887
steps/other_ga-li-fei-niu/step_1.jpg	1720721
steps/other_ga-li-fei-niu/step_2.jpg	1380368
steps/other_ga-li-fei-niu/step_3.jpg	1667636
steps/other_ga-li-fei-niu/step_4.jpg	1416146
steps/other_ga-li-fei-niu/step_5.jpg	1602721
steps/other_ga-li-fei-niu/step_6.jpg	1604745
steps/other_ga-li-fei-niu/step_7.jpg	1623007
steps/other_ga-li-fei-niu/step_8.jpg	1470616
steps/other_gan-bian-zi-ji/step_1.jpg	1160213
steps/other_gan-bian-zi-ji/step_10.jpg	1923666
steps/other_gan-bian-zi-ji/step_2.jpg	1529048
steps/other_gan-bian-zi-ji/step_3.jpg	1495847
steps/other_gan-bian-zi-ji/step_4.jpg	1552313
steps/other_gan-bian-zi-ji/step_5.jpg	1705264
steps/other_gan-bian-zi-ji/step_6.jpg	1491627
steps/other_gan-bian-zi-ji/step_7.jpg	1564998
steps/other_gan-bian-zi-ji/step_8.jpg	1796470
steps/other_gan-bian-zi-ji/step_9.jpg	1841918
steps/other_gan-guo-hua-cai/step_1.jpg	1458175
steps/other_gan-guo-hua-cai/step_2.jpg	1771220
steps/other_gan-guo-hua-cai/step_3.jpg	1440444
steps/other_gan-guo-hua-cai/step_4.jpg	1577807
steps/other_gan-guo-hua-cai/step_5.jpg	1440199
steps/other_gan-guo-hua-cai/step_6.jpg	1610955
steps/other_gan-guo-hua-cai/step_7.jpg	1718504
steps/other_gan-guo-hua-cai/step_8.jpg	1578231
steps/other_gan-guo-hua-cai/step_9.jpg	1542735
steps/other_gan-jian-a-gen-ting-hong-xia/step_1.jpg	1572939
steps/other_gan-jian-a-gen-ting-hong-xia/step_10.jpg	1606645
steps/other_gan-jian-a-gen-ting-hong-xia/step_11.jpg	1481918
steps/other_gan-jian-a-gen-ting-hong-xia/step_12.jpg	1812676
steps/other_gan-jian-a-gen-ting-hong-xia/step_2.jpg	1646964
steps/other_gan-jian-a-gen-ting-hong-xia/step_3.jpg	1447120
steps/other_gan-jian-a-gen-ting-hong-xia/step_4.jpg	1745709
steps/other_gan-jian-a-gen-ting-hong-xia/step_5.jpg	1469758
steps/other_gan-jian-a-gen-ting-hong-xia/step_6.jpg	1748983
steps/other_gan-jian-a-gen-ting-hong-xia/step_7.jpg	1834358
steps/other_gan-jian-a-gen-ting-hong-xia/step_8.jpg	1707011
steps/other_gan-jian-a-gen-ting-hong-xia/step_9.jpg	1724164
steps/other_gong-bao-ji-ding/step_1.jpg	1495828
steps/other_gong-bao-ji-ding/step_2.jpg	1714395
steps/other_gong-bao-ji-ding/step_3.jpg	1545464
steps/other_gong-bao-ji-ding/step_4.jpg	1700211
steps/other_gong-bao-ji-ding/step_5.jpg	1600203
steps/other_gong-bao-ji-ding/step_6.jpg	1838878
steps/other_gong-bao-ji-ding/step_7.jpg	1659696
steps/other_gong-bao-ji-ding/step_8.jpg	1616326
steps/other_gong-bao-ji-ding/step_9.jpg	1471396
steps/other_gou-qian-xiang-gu-tang/step_1.jpg	1614930
steps/other_gou-qian-xiang-gu-tang/step_2.jpg	1397078
steps/other_gou-qian-xiang-gu-tang/step_3.jpg	1558004
steps/other_gou-qian-xiang-gu-tang/step_4.jpg	1718264
steps/other_gou-qian-xiang-gu-tang/step_5.jpg	1258834
steps/other_gou-qian-xiang-gu-tang/step_6.jpg	1436563
steps/other_guang-shi-luo-bo-niu-nan/step_1.jpg	1459796
steps/other_guang-shi-luo-bo-niu-nan/step_2.jpg	1674004
steps/other_guang-shi-luo-bo-niu-nan/step_3.jpg	1321604
steps/other_guang-shi-luo-bo-niu-nan/step_4.jpg	1689829
steps/other_guang-shi-luo-bo-niu-nan/step_5.jpg	1827992
steps/other_guang-shi-luo-bo-niu-nan/step_6.jpg	1726431
steps/other_guang-shi-luo-bo-niu-nan/step_7.jpg	1567415
steps/other_guang-shi-luo-bo-niu-nan/step_8.jpg	1511382
steps/other_guang-shi-luo-bo-niu-nan/step_9.jpg	1678249
steps/other_gui-lin-shi-ba-niang-de-zuo-fa/step_1.jpg	1728256
steps/other_gui-lin-shi-ba-niang-de-zuo-fa/step_2.jpg	1576843
steps/other_gui-lin-shi-ba-niang-de-zuo-fa/step_3.jpg	1538644
steps/other_gui-lin-shi-ba-niang-de-zuo-fa/step_4.jpg	1731489
steps/other_gui-lin-shi-ba-niang-de-zuo-fa/step_5.jpg	1739826
steps/other_gui-ling-gao/step_1.jpg	1544604
steps/other_gui-ling-gao/step_2.jpg	1525499
steps/other_gui-ling-gao/step_3.jpg	1405465
steps/other_gui-ling-gao/step_4.jpg	1507300
steps/other_gui-ling-gao/step_5.jpg	1425009
steps/other_gui-ling-gao/step_6.jpg	1365239
steps/other_gui-zhou-la-zi-ji/step_1.jpg	1954358
steps/other_gui-zhou-la-zi-ji/step_2.jpg	1818209
steps/other_gui-zhou-la-zi-ji/step_3.jpg	1556080
steps/other_gui-zhou-la-zi-ji/step_4.jpg	1840509
steps/other_gui-zhou-la-zi-ji/step_5.jpg	1791162
steps/other_gui-zhou-la-zi-ji/step_6.jpg	1677583
steps/other_gui-zhou-la-zi-ji/step_7.jpg	1772598
steps/other_hai-bian-luo-ri/step_1.jpg	1265723
steps/other_hai-bian-luo-ri/step_10.jpg	1282197
steps/other_hai-bian-luo-ri/step_2.jpg	1336141
steps/other_hai-bian-luo-ri/step_3.jpg	1277958
steps/other_hai-bian-luo-ri/step_4.jpg	1281620
steps/other_hai-bian-luo-ri/step_5.jpg	1272575
steps/other_hai-bian-luo-ri/step_6.jpg	1357229
steps/other_hai-bian-luo-ri/step_7.jpg	1509073
steps/other_hai-bian-luo-ri/step_8.jpg	1134056
steps/other_hai-bian-luo-ri/step_9.jpg	1315669
steps/other_han-shi-ban-fan/step_1.jpg	1547159
steps/other_han-shi-ban-fan/step_2.jpg	1455562
steps/other_han-shi-ban-fan/step_3.jpg	1493257
steps/other_han-shi-ban-fan/step_4.jpg	1304522
steps/other_han-shi-ban-fan/step_5.jpg	1670818
steps/other_han-shi-ban-fan/step_6.jpg	1604664
steps/other_han-shi-ban-fan/step_7.jpg	1546166
steps/other_hao-you-san-xian-gu/step_1.jpg	1624709
steps/other_hao-you-san-xian-gu/step_10.jpg	1529307
steps/other_hao-you-san-xian-gu/step_2.jpg	1453623
steps/other_hao-you-san-xian-gu/step_3.jpg	1308573
steps/other_hao-you-san-xian-gu/step_4.jpg	1563562
steps/other_hao-you-san-xian-gu/step_5.jpg	1561106
steps/other_hao-you-san-xian-gu/step_6.jpg	1602871
steps/other_hao-you-san-xian-gu/step_7.jpg	1813440
steps/other_hao-you-san-xian-gu/step_8.jpg	1493731
steps/other_hao-you-san-xian-gu/step_9.jpg	1732549
steps/other_he-lan-dou-chao-la-chang/step_1.jpg	1534116
steps/other_he-lan-dou-chao-la-chang/step_2.jpg	1533167
steps/other_he-lan-dou-chao-la-chang/step_3.jpg	1576884
steps/other_he-lan-dou-chao-la-chang/step_4.jpg	1550488
steps/other_he-lan-dou-chao-la-chang/step_5.jpg	1592721
steps/other_he-lan-dou-chao-la-chang/step_6.jpg	1669945
steps/other_he-nan-zheng-mian-tiao/step_1.jpg	1685295
steps/other_he-nan-zheng-mian-tiao/step_2.jpg	1651763
steps/other_he-nan-zheng-mian-tiao/step_3.jpg	1989478
steps/other_he-nan-zheng-mian-tiao/step_4.jpg	1738531
steps/other_he-nan-zheng-mian-tiao/step_5.jpg	1772798
steps/other_he-nan-zheng-mian-tiao/step_6.jpg	1601025
steps/other_hei-jiao-niu-liu/step_1.jpg	1525581
steps/other_hei-jiao-niu-liu/step_2.jpg	1327705
steps/other_hei-jiao-niu-liu/step_3.jpg	1630762
steps/other_hei-jiao-niu-liu/step_4.jpg	1516856
steps/other_hei-jiao-niu-liu/step_5.jpg	1633584
steps/other_hei-jiao-niu-liu/step_6.jpg	1279490
steps/other_hei-jiao-niu-liu/step_7.jpg	1483059
steps/other_hei-jiao-niu-liu/step_8.jpg	1472046
steps/other_hong-shao-dong-gua/step_1.jpg	1238829
steps/other_hong-shao-dong-gua/step_2.jpg	1378581
steps/other_hong-shao-dong-gua/step_3.jpg	1237271
steps/other_hong-shao-dong-gua/step_4.jpg	1565539
steps/other_hong-shao-dong-gua/step_5.jpg	1402417
steps/other_hong-shao-dong-gua/step_6.jpg	1404616
steps/other_hong-shao-dong-gua/step_7.jpg	1723735
steps/other_hong-shao-dong-gua/step_8.jpg	1446383
steps/other_hong-shao-zhu-ti/step_1.jpg	1534507
steps/other_hong-shao-zhu-ti/step_2.jpg	1648069
steps/other_hong-shao-zhu-ti/step_3.jpg	1490657
steps/other_hong-shao-zhu-ti/step_4.jpg	1663886
steps/other_hong-shao-zhu-ti/step_5.jpg	1608863
steps/other_hong-shao-zhu-ti/step_6.jpg	1534069
steps/other_hong-shao-zhu-ti/step_7.jpg	1572134
steps/other_hong-shao-zhu-ti/step_8.jpg	1737742
steps/other_hong-you-dan-gao/step_1.jpg	1546607
steps/other_hong-you-dan-gao/step_10.jpg	1402174
steps/other_hong-you-dan-gao/step_2.jpg	1434371
steps/other_hong-you-dan-gao/step_3.jpg	1592250
steps/other_hong-you-dan-gao/step_4.jpg	1532531
steps/other_hong-you-dan-gao/step_5.jpg	1588237
steps/other_hong-you-dan-gao/step_6.jpg	1417907
steps/other_hong-you-dan-gao/step_7.jpg	1459338
steps/other_hong-you-dan-gao/step_8.jpg	1623803
steps/other_hong-you-dan-gao/step_9.jpg	1451115
steps/other_hu-nan-jia-chang-hong-shao-rou/step_1.jpg	1559686
steps/other_hu-nan-jia-chang-hong-shao-rou/step_2.jpg	1379499
steps/other_hu-nan-jia-chang-hong-shao-rou/step_3.jpg	1500966
steps/other_hu-nan-jia-chang-hong-shao-rou/step_4.jpg	1821371
steps/other_hu-nan-jia-chang-hong-shao-rou/step_5.jpg	1657990
steps/other_hu-nan-jia-chang-hong-shao-rou/step_6.jpg	1591875
steps/other_hu-pi-qing-jiao/step_1.jpg	1191671
steps/other_hu-pi-qing-jiao/step_2.jpg	1747133
steps/other_hu-pi-qing-jiao/step_3.jpg	1522065
steps/other_hu-pi-qing-jiao/step_4.jpg	1263114
steps/other_hu-pi-qing-jiao/step_5.jpg	1390326
steps/other_hu-pi-qing-jiao/step_6.jpg	1572517
steps/other_hu-pi-qing-jiao/step_7.jpg	1758651
steps/other_hu-pi-qing-jiao/step_8.jpg	1728108
steps/other_hu-pi-qing-jiao/step_9.jpg	1395343
steps/other_hua-mei-zhu-mao-dou/step_1.jpg	1416897
steps/other_hua-mei-zhu-mao-dou/step_2.jpg	1439350
steps/other_hua-mei-zhu-mao-dou/step_3.jpg	1603775
steps/other_huang-you-jian-xia/step_1.jpg	1619161
steps/other_huang-you-jian-xia/step_2.jpg	1480981
steps/other_huang-you-jian-xia/step_3.jpg	1643275
steps/other_huang-you-jian-xia/step_4.jpg	1685189
steps/other_huang-you-jian-xia/step_5.jpg	1613312
steps/other_huang-you-jian-xia/step_6.jpg	1533005
steps/other_hui-guo-rou/step_1.jpg	1504195
steps/other_hui-guo-rou/step_2.jpg	1392249
steps/other_hui-guo-rou/step_3.jpg	1411094
steps/other_hui-guo-rou/step_4.jpg	1542798
steps/other_hui-guo-rou/step_5.jpg	1647642
steps/other_hui-guo-rou/step_6.jpg	1757406
steps/other_hui-guo-rou/step_7.jpg	1634888
steps/other_hui-guo-rou/step_8.jpg	1835047
steps/other_hui-guo-rou/step_9.jpg	1741374
steps/other_hui-pai-hong-shao-rou/step_1.jpg	1669708
steps/other_hui-pai-hong-shao-rou/step_2.jpg	1589728
steps/other_hui-pai-hong-shao-rou/step_3.jpg	1606655
steps/other_hui-pai-hong-shao-rou/step_4.jpg	1630392
steps/other_hui-pai-hong-shao-rou/step_5.jpg	1725673
steps/other_hui-pai-hong-shao-rou/step_6.jpg	1346446
steps/other_hui-pai-hong-shao-rou/step_7.jpg	1612906
steps/other_huo-tui-fan-tuan/step_1.jpg	1123502
steps/other_huo-tui-fan-tuan/step_2.jpg	1328615
steps/other_huo-tui-fan-tuan/step_3.jpg	1465737
steps/other_huo-tui-fan-tuan/step_4.jpg	1760234
steps/other_huo-tui-fan-tuan/step_5.jpg	1520543
steps/other_huo-tui-fan-tuan/step_6.jpg	1359370
steps/other_ji-chu-niu-nai-mian-bao/step_1.jpg	1630896
steps/other_ji-chu-niu-nai-mian-bao/step_2.jpg	1454810
steps/other_ji-chu-niu-nai-mian-bao/step_3.jpg	1555783
steps/other_ji-chu-niu-nai-mian-bao/step_4.jpg	1607660
steps/other_ji-chu-niu-nai-mian-bao/step_5.jpg	1683218
steps/other_ji-chu-niu-nai-mian-bao/step_6.jpg	1474998
steps/other_ji-chu-niu-nai-mian-bao/step_7.jpg	1803532
steps/other_ji-chu-niu-nai-mian-bao/step_8.jpg	1506115
steps/other_ji-chu-niu-nai-mian-bao/step_9.jpg	1405051
steps/other_ji-dan-geng/step_1.jpg	1532608
steps/other_ji-dan-geng/step_2.jpg	1306083
steps/other_ji-dan-geng/step_3.jpg	1378437
steps/other_ji-dan-geng/step_4.jpg	1298217
steps/other_ji-dan-geng/step_5.jpg	1168524
steps/other_ji-dan-geng/step_6.jpg	1372766
steps/other_ji-dan-geng/step_7.jpg	1304638
steps/other_ji-dan-geng/step_8.jpg	1154828
steps/other_ji-dan-geng/step_9.jpg	1345290
steps/other_ji-dan-hua/step_1.jpg	1328812
steps/other_ji-dan-hua/step_2.jpg	1413201
steps/other_ji-dan-hua/step_3.jpg	1504554
steps/other_ji-dan-hua/step_4.jpg	1435648
steps/other_ji-dan-hua/step_5.jpg	1290075
steps/other_ji-dan-hua/step_6.jpg	1257194
steps/other_jia-chang-lao-bing/step_1.jpg	1397289
steps/other_jia-chang-lao-bing/step_2.jpg	1573795
steps/other_jia-chang-lao-bing/step_3.jpg	1697255
steps/other_jia-chang-lao-bing/step_4.jpg	1325675
steps/other_jia-chang-lao-bing/step_5.jpg	1740573
steps/other_jia-chang-lao-bing/step_6.jpg	1238815
steps/other_jia-chang-lao-bing/step_7.jpg	1601059
steps/other_jia-chang-lao-bing/step_8.jpg	1312187
steps/other_jia-chang-lao-bing/step_9.jpg	1641307
steps/other_jian-jiao-niu-wa/step_1.jpg	1561128
steps/other_jian-jiao-niu-wa/step_10.jpg	1689793
steps/other_jian-jiao-niu-wa/step_2.jpg	1383807
steps/other_jian-jiao-niu-wa/step_3.jpg	1554368
steps/other_jian-jiao-niu-wa/step_4.jpg	1294785
steps/other_jian-jiao-niu-wa/step_5.jpg	1861522
steps/other_jian-jiao-niu-wa/step_6.jpg	1567724
steps/other_jian-jiao-niu-wa/step_7.jpg	1688916
steps/other_jian-jiao-niu-wa/step_8.jpg	1579296
steps/other_jian-jiao-niu-wa/step_9.jpg	1677368
steps/other_jian-kao-yang-pai-de-zuo-fa/step_1.jpg	1580311
steps/other_jian-kao-yang-pai-de-zuo-fa/step_2.jpg	1589794
steps/other_jian-kao-yang-pai-de-zuo-fa/step_3.jpg	1609680
steps/other_jian-kao-yang-pai-de-zuo-fa/step_4.jpg	1699899
steps/other_jian-kao-yang-pai-de-zuo-fa/step_5.jpg	1468342
steps/other_jian-kao-yang-pai-de-zuo-fa/step_6.jpg	1915022
steps/other_jian-kao-yang-pai-de-zuo-fa/step_7.jpg	1828033
steps/other_jian-kao-yang-pai-de-zuo-fa/step_8.jpg	1674917
steps/other_jian-kao-yang-pai-de-zuo-fa/step_9.jpg	1489713
steps/other_jian-yi-hong-shao-rou/step_1.jpg	1700347
steps/other_jian-yi-hong-shao-rou/step_2.jpg	1261537
steps/other_jian-yi-hong-shao-rou/step_3.jpg	1547924
steps/other_jian-yi-hong-shao-rou/step_4.jpg	1766931
steps/other_jian-yi-hong-shao-rou/step_5.jpg	1915066
steps/other_jian-yi-hong-shao-rou/step_6.jpg	1732367
steps/other_jian-yi-hong-shao-rou/step_7.jpg	1569439
steps/other_jian-yi-hong-shao-rou/step_8.jpg	1714222
steps/other_jian-yu-hai-tai-yu-mi-fan/step_1.jpg	1492766
steps/other_jian-yu-hai-tai-yu-mi-fan/step_2.jpg	1539998
steps/other_jian-yu-hai-tai-yu-mi-fan/step_3.jpg	1610910
steps/other_jiang-ban-qiao-mai-mian/step_1.jpg	1443909
steps/other_jiang-ban-qiao-mai-mian/step_2.jpg	1381386
steps/other_jiang-ban-qiao-mai-mian/step_3.jpg	1705181
steps/other_jiang-chao-ji/step_1.jpg	1718517
steps/other_jiang-chao-ji/step_2.jpg	1445134
steps/other_jiang-chao-ji/step_3.jpg	1535389
steps/other_jiang-chao-ji/step_4.jpg	1360307
steps/other_jiang-chao-ji/step_5.jpg	1615354
steps/other_jiang-chao-ji/step_6.jpg	1670986
steps/other_jiang-chao-ji/step_7.jpg	1620365
steps/other_jiang-cong-lao-ji/step_1.jpg	1567184
steps/other_jiang-cong-lao-ji/step_10.jpg	1510709
steps/other_jiang-cong-lao-ji/step_11.jpg	1439555
steps/other_jiang-cong-lao-ji/step_2.jpg	1490071
steps/other_jiang-cong-lao-ji/step_3.jpg	1454603
steps/other_jiang-cong-lao-ji/step_4.jpg	1496205
steps/other_jiang-cong-lao-ji/step_5.jpg	1140002
steps/other_jiang-cong-lao-ji/step_6.jpg	1370481
steps/other_jiang-cong-lao-ji/step_7.jpg	1321706
steps/other_jiang-cong-lao-ji/step_8.jpg	1889911
steps/other_jiang-cong-lao-ji/step_9.jpg	1550106
steps/other_jiang-niu-rou/step_1.jpg	1569376
steps/other_jiang-niu-rou/step_2.jpg	1586113
steps/other_jiang-niu-rou/step_3.jpg	1445643
steps/other_jiang-niu-rou/step_4.jpg	1518390
steps/other_jiang-niu-rou/step_5.jpg	1605824
steps/other_jiang-niu-rou/step_6.jpg	1568162
steps/other_jiang-niu-rou/step_7.jpg	1490008
steps/other_jiang-niu-rou/step_8.jpg	1798638
steps/other_jiang-niu-rou/step_9.jpg	1630275
steps/other_jiang-pai-gu/step_1.jpg	1502537
steps/other_jiang-pai-gu/step_2.jpg	1521129
steps/other_jiang-pai-gu/step_3.jpg	1548035
steps/other_jiang-pai-gu/step_4.jpg	1679528
steps/other_jiang-pai-gu/step_5.jpg	1533812
steps/other_jiang-pai-gu/step_6.jpg	1427131
steps/other_jiao-bai-chao-rou/step_1.jpg	1632661
steps/other_jiao-bai-chao-rou/step_2.jpg	1420884
steps/other_jiao-bai-chao-rou/step_3.jpg	1478021
steps/other_jiao-bai-chao-rou/step_4.jpg	1245441
steps/other_jiao-bai-chao-rou/step_5.jpg	1562264
steps/other_jiao-bai-chao-rou/step_6.jpg	1462506
steps/other_jiao-bai-chao-rou/step_7.jpg	1614082
steps/other_jiao-yan-yu-mi/step_1.jpg	1317547
steps/other_jiao-yan-yu-mi/step_2.jpg	1513929
steps/other_jiao-yan-yu-mi/step_3.jpg	1581617
steps/other_jiao-yan-yu-mi/step_4.jpg	1382358
steps/other_jiao-yan-yu-mi/step_5.jpg	1535550
steps/other_jiao-yan-yu-mi/step_6.jpg	1711077
steps/other_jiao-yan-yu-mi/step_7.jpg	1770265
steps/other_jiao-yan-yu-mi/step_8.jpg	1489542
steps/other_jiao-yan-yu-mi/step_9.jpg	1492710
steps/other_jie-mo-huang-you-luo-shi-xia/step_1.jpg	1497093
steps/other_jie-mo-huang-you-luo-shi-xia/step_2.jpg	1454097
steps/other_jie-mo-huang-you-luo-shi-xia/step_3.jpg	1263846
steps/other_jie-mo-huang-you-luo-shi-xia/step_4.jpg	1832601
steps/other_jie-mo-huang-you-luo-shi-xia/step_5.jpg	1730545
steps/other_jie-mo-huang-you-luo-shi-xia/step_6.jpg	1854886
steps/other_jie-mo-huang-you-luo-shi-xia/step_7.jpg	1851382
steps/other_jie-mo-luo-shi-xia/step_1.jpg	1577437
steps/other_jie-mo-luo-shi-xia/step_2.jpg	1560980
steps/other_jie-mo-luo-shi-xia/step_3.jpg	1825780
steps/other_jie-mo-luo-shi-xia/step_4.jpg	1865882
steps/other_jin-fei-shi/step_1.jpg	1156210
steps/other_jin-fei-shi/step_2.jpg	1349416
steps/other_jin-fei-shi/step_3.jpg	1341524
steps/other_jin-fei-shi/step_4.jpg	1316710
steps/other_jin-tang-li/step_1.jpg	1212313
steps/other_jin-tang-li/step_2.jpg	1146954
steps/other_jin-tang-li/step_3.jpg	1227331
steps/other_jin-tang-li/step_4.jpg	1367733
steps/other_jin-tang-li/step_5.jpg	1100328
steps/other_jin-tang-li/step_6.jpg	1417527
steps/other_jin-tang-li/step_7.jpg	1253381
steps/other_jin-tang-li/step_8.jpg	1419706
steps/other_jiu-niang-lao-zao/step_1.jpg	1287241
steps/other_jiu-niang-lao-zao/step_2.jpg	1307286
steps/other_jiu-niang-lao-zao/step_3.jpg	1660415
steps/other_jiu-niang-lao-zao/step_4.jpg	1261284
steps/other_jiu-niang-lao-zao/step_5.jpg	1575827
steps/other_jiu-niang-lao-zao/step_6.jpg	1587389
steps/other_jiu-niang-lao-zao/step_7.jpg	1285828
steps/other_jiu-niang-lao-zao/step_8.jpg	1357542
steps/other_jiu-niang-lao-zao/step_9.jpg	1342169
steps/other_jun-gu-dun-ru-ge/step_1.jpg	1540460
steps/other_jun-gu-dun-ru-ge/step_2.jpg	1604352
steps/other_jun-gu-dun-ru-ge/step_3.jpg	1790927
steps/other_jun-gu-dun-ru-ge/step_4.jpg	1561561
steps/other_ka-fei-ye-nai-dong/step_1.jpg	1519579
steps/other_ka-fei-ye-nai-dong/step_2.jpg	1523575
steps/other_ka-fei-ye-nai-dong/step_3.jpg	1516492
steps/other_ka-fei-ye-nai-dong/step_4.jpg	1334507
steps/other_ka-fei-ye-nai-dong/step_5.jpg	1637042
steps/other_ka-fei-ye-nai-dong/step_6.jpg	1368160
steps/other_ka-fei-ye-nai-dong/step_7.jpg	1463032
steps/other_ka-fei-ye-nai-dong/step_8.jpg	1439363
steps/other_kao-dan-ta/step_1.jpg	1317627
steps/other_kao-dan-ta/step_10.jpg	1307666
steps/other_kao-dan-ta/step_11.jpg	1268787
steps/other_kao-dan-ta/step_12.jpg	1620173
steps/other_kao-dan-ta/step_2.jpg	1457447
steps/other_kao-dan-ta/step_3.jpg	1467600
steps/other_kao-dan-ta/step_4.jpg	1220520
steps/other_kao-dan-ta/step_5.jpg	1375284
steps/other_kao-dan-ta/step_6.jpg	1376293
steps/other_kao-dan-ta/step_7.jpg	1294896
steps/other_kao-dan-ta/step_8.jpg	1540723
steps/other_kao-dan-ta/step_9.jpg	1295012
steps/other_kao-qie-zi/step_1.jpg	1391124
steps/other_kao-qie-zi/step_10.jpg	1037032
steps/other_kao-qie-zi/step_11.jpg	1732622
steps/other_kao-qie-zi/step_2.jpg	1257027
steps/other_kao-qie-zi/step_3.jpg	1467886
steps/other_kao-qie-zi/step_4.jpg	1622139
steps/other_kao-qie-zi/step_5.jpg	1228658
steps/other_kao-qie-zi/step_6.jpg	1311767
steps/other_kao-qie-zi/step_7.jpg	1435795
steps/other_kao-qie-zi/step_8.jpg	1637182
steps/other_kao-qie-zi/step_9.jpg	1448516
steps/other_kao-xiang-ban-ba-si-ke-zhi-shi-dan-gao/step_1.jpg	1473846
steps/other_kao-xiang-ban-ba-si-ke-zhi-shi-dan-gao/step_2.jpg	1556813
steps/other_kao-xiang-ban-ba-si-ke-zhi-shi-dan-gao/step_3.jpg	1337411
steps/other_kao-xiang-ban-ba-si-ke-zhi-shi-dan-gao/step_4.jpg	1176087
steps/other_kao-xiang-ban-ba-si-ke-zhi-shi-dan-gao/step_5.jpg	1433407
steps/other_kao-xiang-ban-ba-si-ke-zhi-shi-dan-gao/step_6.jpg	1624970
steps/other_kao-xiang-ban-ba-si-ke-zhi-shi-dan-gao/step_7.jpg	1249091
steps/other_kong-qi-zha-guo-cui-pi-xian-yan-zha-ji/step_1.jpg	1540310
steps/other_kong-qi-zha-guo-cui-pi-xian-yan-zha-ji/step_10.jpg	1467889
steps/other_kong-qi-zha-guo-cui-pi-xian-yan-zha-ji/step_2.jpg	1625180
steps/other_kong-qi-zha-guo-cui-pi-xian-yan-zha-ji/step_3.jpg	1594363
steps/other_kong-qi-zha-guo-cui-pi-xian-yan-zha-ji/step_4.jpg	1633724
steps/other_kong-qi-zha-guo-cui-pi-xian-yan-zha-ji/step_5.jpg	1462448
steps/other_kong-qi-zha-guo-cui-pi-xian-yan-zha-ji/step_6.jpg	1681348
steps/other_kong-qi-zha-guo-cui-pi-xian-yan-zha-ji/step_7.jpg	1577231
steps/other_kong-qi-zha-guo-cui-pi-xian-yan-zha-ji/step_8.jpg	1388522
steps/other_kong-qi-zha-guo-cui-pi-xian-yan-zha-ji/step_9.jpg	1537033
steps/other_kong-qi-zha-guo-ji-chi-zhong-de-zuo-fa/step_1.jpg	1697995
steps/other_kong-qi-zha-guo-ji-chi-zhong-de-zuo-fa/step_2.jpg	1644747
steps/other_kong-qi-zha-guo-ji-chi-zhong-de-zuo-fa/step_3.jpg	1453390
steps/other_kong-qi-zha-guo-yang-pai/step_1.jpg	1362806
steps/other_kong-qi-zha-guo-yang-pai/step_2.jpg	1825701
steps/other_kong-qi-zha-guo-yang-pai/step_3.jpg	1648557
steps/other_kong-qi-zha-guo-yang-pai/step_4.jpg	1790577
steps/other_kong-qi-zha-guo-zhao-shao-ji-fan/step_1.jpg	1366879
steps/other_kong-qi-zha-guo-zhao-shao-ji-fan/step_2.jpg	1529536
steps/other_kong-qi-zha-guo-zhao-shao-ji-fan/step_3.jpg	1346480
steps/other_kong-qi-zha-guo-zhao-shao-ji-fan/step_4.jpg	1563628
steps/other_kong-qi-zha-guo-zhao-shao-ji-fan/step_5.jpg	1361047
steps/other_kou-shui-ji/step_1.jpg	1505456
steps/other_kou-shui-ji/step_10.jpg	1604756
steps/other_kou-shui-ji/step_11.jpg	1781518
steps/other_kou-shui-ji/step_12.jpg	1394563
steps/other_kou-shui-ji/step_2.jpg	1350904
steps/other_kou-shui-ji/step_3.jpg	1540330
steps/other_kou-shui-ji/step_4.jpg	1646070
steps/other_kou-shui-ji/step_5.jpg	1465390
steps/other_kou-shui-ji/step_6.jpg	1652524
steps/other_kou-shui-ji/step_7.jpg	1755239
steps/other_kou-shui-ji/step_8.jpg	1623661
steps/other_kou-shui-ji/step_9.jpg	1580634
steps/other_lan-cai-rou-mo-si-ji-dou/step_1.jpg	1826276
steps/other_lan-cai-rou-mo-si-ji-dou/step_10.jpg	1598699
steps/other_lan-cai-rou-mo-si-ji-dou/step_11.jpg	1591474
steps/other_lan-cai-rou-mo-si-ji-dou/step_2.jpg	1580658
steps/other_lan-cai-rou-mo-si-ji-dou/step_3.jpg	1491865
steps/other_lan-cai-rou-mo-si-ji-dou/step_4.jpg	1659938
steps/other_lan-cai-rou-mo-si-ji-dou/step_5.jpg	1487043
steps/other_lan-cai-rou-mo-si-ji-dou/step_6.jpg	1639622
steps/other_lan-cai-rou-mo-si-ji-dou/step_7.jpg	1924756
steps/other_lan-cai-rou-mo-si-ji-dou/step_8.jpg	1475950
steps/other_lan-cai-rou-mo-si-ji-dou/step_9.jpg	1706626
steps/other_lan-ren-dan-ta/step_1.jpg	1111069
steps/other_lan-ren-dan-ta/step_2.jpg	1508023
steps/other_lan-ren-dan-ta/step_3.jpg	1032567
steps/other_lan-ren-dan-ta/step_4.jpg	1644485
steps/other_lao-ma-ti-hua/step_1.jpg	1511271
steps/other_lao-ma-ti-hua/step_2.jpg	1538453
steps/other_lao-ma-ti-hua/step_3.jpg	1712132
steps/other_lao-ma-ti-hua/step_4.jpg	1356780
steps/other_lao-ma-ti-hua/step_5.jpg	1501203
steps/other_lao-ma-ti-hua/step_6.jpg	1411944
steps/other_lao-ma-ti-hua/step_7.jpg	1593721
steps/other_lao-shi-guo-bao-rou/step_1.jpg	1686131
steps/other_lao-shi-guo-bao-rou/step_2.jpg	1420551
steps/other_lao-shi-guo-bao-rou/step_3.jpg	1506709
steps/other_lao-shi-guo-bao-rou/step_4.jpg	1501923
steps/other_lao-shi-guo-bao-rou/step_5.jpg	1736353
steps/other_lao-shi-guo-bao-rou/step_6.jpg	1857089
steps/other_lao-shi-guo-bao-rou/step_7.jpg	1860095
steps/other_lao-shi-guo-bao-rou/step_8.jpg	1591777
steps/other_lao-you-zhu-rou-fen/step_1.jpg	1354448
steps/other_lao-you-zhu-rou-fen/step_2.jpg	1676276
steps/other_lao-you-zhu-rou-fen/step_3.jpg	1639418
steps/other_lao-you-zhu-rou-fen/step_4.jpg	1813556
steps/other_lao-you-zhu-rou-fen/step_5.jpg	1508994
steps/other_lao-you-zhu-rou-fen/step_6.jpg	1597563
steps/other_li-yu-dun-bai-cai/step_1.jpg	1391076
steps/other_li-yu-dun-bai-cai/step_2.jpg	1575257
steps/other_li-yu-dun-bai-cai/step_3.jpg	1463373
steps/other_li-yu-dun-bai-cai/step_4.jpg	1730497
steps/other_li-yu-dun-bai-cai/step_5.jpg	1626261
steps/other_li-yu-dun-bai-cai/step_6.jpg	1603724
steps/other_li-zhi-rou/step_1.jpg	1678097
steps/other_li-zhi-rou/step_10.jpg	1487054
steps/other_li-zhi-rou/step_2.jpg	1523750
steps/other_li-zhi-rou/step_3.jpg	1634653
steps/other_li-zhi-rou/step_4.jpg	1547263
steps/other_li-zhi-rou/step_5.jpg	1578134
steps/other_li-zhi-rou/step_6.jpg	1611172
steps/other_li-zhi-rou/step_7.jpg	1361306
steps/other_li-zhi-rou/step_8.jpg	1870263
steps/other_li-zhi-rou/step_9.jpg	1819178
steps/other_liang-ban-ji-si/step_1.jpg	1738476
steps/other_liang-ban-ji-si/step_10.jpg	1397273
steps/other_liang-ban-ji-si/step_11.jpg	1280718
steps/other_liang-ban-ji-si/step_12.jpg	1343265
steps/other_liang-ban-ji-si/step_13.jpg	1542033
steps/other_liang-ban-ji-si/step_14.jpg	1709567
steps/other_liang-ban-ji-si/step_2.jpg	1591235
steps/other_liang-ban-ji-si/step_3.jpg	1428016
steps/other_liang-ban-ji-si/step_4.jpg	1390021
steps/other_liang-ban-ji-si/step_5.jpg	1632685
steps/other_liang-ban-ji-si/step_6.jpg	1424787
steps/other_liang-ban-ji-si/step_7.jpg	1414830
steps/other_liang-ban-ji-si/step_8.jpg	1616032
steps/other_liang-ban-ji-si/step_9.jpg	1565151
steps/other_liang-ban-mu-er/step_1.jpg	1477509
steps/other_liang-ban-mu-er/step_2.jpg	1594164
steps/other_liang-ban-mu-er/step_3.jpg	1474678
steps/other_liang-ban-mu-er/step_4.jpg	1657306
steps/other_liang-ban-mu-er/step_5.jpg	1877976
steps/other_liang-ban-mu-er/step_6.jpg	1430244
steps/other_liang-ban-wo-sun/step_1.jpg	1301530
steps/other_liang-ban-wo-sun/step_2.jpg	1571118
steps/other_liang-ban-wo-sun/step_3.jpg	1498751
steps/other_liang-ban-wo-sun/step_4.jpg	1310964
steps/other_liang-ban-wo-sun/step_5.jpg	1430479
steps/other_liang-fen/step_1.jpg	1675590
steps/other_liang-fen/step_10.jpg	1420455
steps/other_liang-fen/step_2.jpg	1464991
steps/other_liang-fen/step_3.jpg	1493968
steps/other_liang-fen/step_4.jpg	1350316
steps/other_liang-fen/step_5.jpg	1428719
steps/other_liang-fen/step_6.jpg	1421668
steps/other_liang-fen/step_7.jpg	1576587
steps/other_liang-fen/step_8.jpg	1725070
steps/other_liang-fen/step_9.jpg	1464686
steps/other_lu-cai-de-zuo-fa/step_1.jpg	1700463
steps/other_lu-cai-de-zuo-fa/step_2.jpg	1537807
steps/other_lu-cai-de-zuo-fa/step_3.jpg	1612529
steps/other_lu-cai-de-zuo-fa/step_4.jpg	1633689
steps/other_lu-cai-de-zuo-fa/step_5.jpg	1503357
steps/other_lu-cai-de-zuo-fa/step_6.jpg	1785376
steps/other_lu-cai-de-zuo-fa/step_7.jpg	1649262
steps/other_lu-cai-de-zuo-fa/step_8.jpg	1659875
steps/other_lu-cai-de-zuo-fa/step_9.jpg	1756898
steps/other_ma-ge-li-te-bing-gan/step_1.jpg	1427898
steps/other_ma-ge-li-te-bing-gan/step_2.jpg	1605514
steps/other_ma-ge-li-te-bing-gan/step_3.jpg	1471684
steps/other_ma-ge-li-te-bing-gan/step_4.jpg	1402656
steps/other_ma-ge-li-te-bing-gan/step_5.jpg	1432664
steps/other_ma-ge-li-te-bing-gan/step_6.jpg	1455859
steps/other_ma-ge-li-te-bing-gan/step_7.jpg	1398834
steps/other_ma-po-dou-fu/step_1.jpg	1414498
steps/other_ma-po-dou-fu/step_10.jpg	1545713
steps/other_ma-po-dou-fu/step_11.jpg	1532031
steps/other_ma-po-dou-fu/step_12.jpg	1606966
steps/other_ma-po-dou-fu/step_13.jpg	1663153
steps/other_ma-po-dou-fu/step_2.jpg	1554902
steps/other_ma-po-dou-fu/step_3.jpg	1776196
steps/other_ma-po-dou-fu/step_4.jpg	1356535
steps/other_ma-po-dou-fu/step_5.jpg	1507967
steps/other_ma-po-dou-fu/step_6.jpg	1411925
steps/other_ma-po-dou-fu/step_7.jpg	1544765
steps/other_ma-po-dou-fu/step_8.jpg	1731490
steps/other_ma-po-dou-fu/step_9.jpg	1668228
steps/other_mei-cai-kou-rou/step_1.jpg	1868515
steps/other_mei-cai-kou-rou/step_2.jpg	1674051
steps/other_mei-cai-kou-rou/step_3.jpg	1496961
steps/other_mei-cai-kou-rou/step_4.jpg	1634066
steps/other_mei-cai-kou-rou/step_5.jpg	1578390
steps/other_mei-cai-kou-rou/step_6.jpg	1876838
steps/other_mei-cai-kou-rou/step_7.jpg	1596615
steps/other_mei-cai-kou-rou/step_8.jpg	1441515
steps/other_mei-cai-kou-rou/step_9.jpg	1410513
steps/other_mo-yu-dan-gao/step_1.jpg	1135682
steps/other_mo-yu-dan-gao/step_2.jpg	1260967
steps/other_mo-yu-dan-gao/step_3.jpg	1402488
steps/other_mo-yu-dan-gao/step_4.jpg	1707772
steps/other_mo-yu-dan-gao/step_5.jpg	1530294
steps/other_mo-yu-dan-gao/step_6.jpg	1410573
steps/other_nai-lao-pei-gen-tong-xin-fen/step_1.jpg	1466427
steps/other_nai-lao-pei-gen-tong-xin-fen/step_10.jpg	1203515
steps/other_nai-lao-pei-gen-tong-xin-fen/step_2.jpg	1533706
steps/other_nai-lao-pei-gen-tong-xin-fen/step_3.jpg	1361063
steps/other_nai-lao-pei-gen-tong-xin-fen/step_4.jpg	1758649
steps/other_nai-lao-pei-gen-tong-xin-fen/step_5.jpg	1671294
steps/other_nai-lao-pei-gen-tong-xin-fen/step_6.jpg	1748195
steps/other_nai-lao-pei-gen-tong-xin-fen/step_7.jpg	1361422
steps/other_nai-lao-pei-gen-tong-xin-fen/step_8.jpg	1557871
steps/other_nai-lao-pei-gen-tong-xin-fen/step_9.jpg	1440964
steps/other_nan-pai-hong-shao-rou-de-zuo-fa/step_1.jpg	1623981
steps/other_nan-pai-hong-shao-rou-de-zuo-fa/step_10.jpg	1708712
steps/other_nan-pai-hong-shao-rou-de-zuo-fa/step_11.jpg	1479445
steps/other_nan-pai-hong-shao-rou-de-zuo-fa/step_12.jpg	1654031
steps/other_nan-pai-hong-shao-rou-de-zuo-fa/step_13.jpg	1350548
steps/other_nan-pai-hong-shao-rou-de-zuo-fa/step_14.jpg	1617973
steps/other_nan-pai-hong-shao-rou-de-zuo-fa/step_2.jpg	1569339
steps/other_nan-pai-hong-shao-rou-de-zuo-fa/step_3.jpg	1378503
steps/other_nan-pai-hong-shao-rou-de-zuo-fa/step_4.jpg	1426739
steps/other_nan-pai-hong-shao-rou-de-zuo-fa/step_5.jpg	1591455
steps/other_nan-pai-hong-shao-rou-de-zuo-fa/step_6.jpg	1452394
steps/other_nan-pai-hong-shao-rou-de-zuo-fa/step_7.jpg	1432228
steps/other_nan-pai-hong-shao-rou-de-zuo-fa/step_8.jpg	1484149
steps/other_nan-pai-hong-shao-rou-de-zuo-fa/step_9.jpg	1686896
steps/other_ning-meng-shui-de-zuo-fa/step_1.jpg	1405737
steps/other_ning-meng-shui-de-zuo-fa/step_2.jpg	1180160
steps/other_ning-meng-shui-de-zuo-fa/step_3.jpg	1347381
steps/other_ning-meng-shui-de-zuo-fa/step_4.jpg	1403367
steps/other_ning-meng-shui-de-zuo-fa/step_5.jpg	1255717
steps/other_ning-meng-shui-de-zuo-fa/step_6.jpg	1535529
steps/other_niu-pai-de-zuo-fa/step_1.jpg	1420911
steps/other_niu-pai-de-zuo-fa/step_10.jpg	1596793
steps/other_niu-pai-de-zuo-fa/step_11.jpg	1581632
steps/other_niu-pai-de-zuo-fa/step_12.jpg	1694458
steps/other_niu-pai-de-zuo-fa/step_13.jpg	1580674
steps/other_niu-pai-de-zuo-fa/step_14.jpg	1796931
steps/other_niu-pai-de-zuo-fa/step_15.jpg	1497699
steps/other_niu-pai-de-zuo-fa/step_2.jpg	1361868
steps/other_niu-pai-de-zuo-fa/step_3.jpg	1517920
steps/other_niu-pai-de-zuo-fa/step_4.jpg	1704413
steps/other_niu-pai-de-zuo-fa/step_5.jpg	1679129
steps/other_niu-pai-de-zuo-fa/step_6.jpg	1874627
steps/other_niu-pai-de-zuo-fa/step_7.jpg	1646130
steps/other_niu-pai-de-zuo-fa/step_8.jpg	1474646
steps/other_niu-pai-de-zuo-fa/step_9.jpg	1584717
steps/other_nong-jia-yi-wan-xiang/step_1.jpg	1688449
steps/other_nong-jia-yi-wan-xiang/step_2.jpg	1287317
steps/other_nong-jia-yi-wan-xiang/step_3.jpg	1876502
steps/other_nong-jia-yi-wan-xiang/step_4.jpg	1510839
steps/other_nong-jia-yi-wan-xiang/step_5.jpg	1704460
steps/other_nong-jia-yi-wan-xiang/step_6.jpg	1651978
steps/other_nong-jia-yi-wan-xiang/step_7.jpg	1486275
steps/other_pai-gu-ku-gua-tang/step_1.jpg	1795460
steps/other_pai-gu-ku-gua-tang/step_2.jpg	1619479
steps/other_pai-gu-ku-gua-tang/step_3.jpg	1619030
steps/other_pai-gu-ku-gua-tang/step_4.jpg	1284441
steps/other_pai-gu-ku-gua-tang/step_5.jpg	1509354
steps/other_pai-gu-shan-yao-yu-mi-tang/step_1.jpg	1686217
steps/other_pai-gu-shan-yao-yu-mi-tang/step_2.jpg	1389541
steps/other_pai-gu-shan-yao-yu-mi-tang/step_3.jpg	1699740
steps/other_pai-gu-shan-yao-yu-mi-tang/step_4.jpg	1565159
steps/other_pai-gu-shan-yao-yu-mi-tang/step_5.jpg	1472457
steps/other_pi-jiu-ya/step_1.jpg	1668557
steps/other_pi-jiu-ya/step_2.jpg	1471792
steps/other_pi-jiu-ya/step_3.jpg	1693545
steps/other_pi-jiu-ya/step_4.jpg	1654747
steps/other_pi-jiu-ya/step_5.jpg	1757741
steps/other_pi-jiu-ya/step_6.jpg	1447653
steps/other_pi-sa-bing-pi-de-zuo-fa/step_1.jpg	1370221
steps/other_pi-sa-bing-pi-de-zuo-fa/step_10.jpg	1641603
steps/other_pi-sa-bing-pi-de-zuo-fa/step_11.jpg	1518466
steps/other_pi-sa-bing-pi-de-zuo-fa/step_12.jpg	1312766
steps/other_pi-sa-bing-pi-de-zuo-fa/step_13.jpg	1490917
steps/other_pi-sa-bing-pi-de-zuo-fa/step_14.jpg	1706553
steps/other_pi-sa-bing-pi-de-zuo-fa/step_2.jpg	1684948
steps/other_pi-sa-bing-pi-de-zuo-fa/step_3.jpg	1567593
steps/other_pi-sa-bing-pi-de-zuo-fa/step_4.jpg	1375667
steps/other_pi-sa-bing-pi-de-zuo-fa/step_5.jpg	1272548
steps/other_pi-sa-bing-pi-de-zuo-fa/step_6.jpg	1557824
steps/other_pi-sa-bing-pi-de-zuo-fa/step_7.jpg	1450252
steps/other_pi-sa-bing-pi-de-zuo-fa/step_8.jpg	1764326
steps/other_pi-sa-bing-pi-de-zuo-fa/step_9.jpg	1545935
steps/other_qi-feng-dan-gao-de-zuo-fa/step_1.jpg	1362991
steps/other_qi-feng-dan-gao-de-zuo-fa/step_2.jpg	1508467
steps/other_qi-feng-dan-gao-de-zuo-fa/step_3.jpg	1356433
steps/other_qi-feng-dan-gao-de-zuo-fa/step_4.jpg	1401444
steps/other_qi-feng-dan-gao-de-zuo-fa/step_5.jpg	1321741
steps/other_qi-feng-dan-gao-de-zuo-fa/step_6.jpg	1536808
steps/other_qi-feng-dan-gao-de-zuo-fa/step_7.jpg	1381455
steps/other_qi-yi-guo-bo-cai-te-diao/step_1.jpg	1316572
steps/other_qi-yi-guo-bo-cai-te-diao/step_2.jpg	1366273
steps/other_qi-yi-guo-bo-cai-te-diao/step_3.jpg	1613599
steps/other_qi-yi-guo-bo-cai-te-diao/step_4.jpg	1711820
steps/other_qi-yi-guo-bo-cai-te-diao/step_5.jpg	1377723
steps/other_qi-yi-guo-bo-cai-te-diao/step_6.jpg	1531928
steps/other_qi-yi-guo-bo-cai-te-diao/step_7.jpg	1498765
steps/other_qi-yi-guo-bo-cai-te-diao/step_8.jpg	1433833
steps/other_qian-long-bai-cai/step_1.jpg	1284728
steps/other_qian-long-bai-cai/step_2.jpg	1458042
steps/other_qian-long-bai-cai/step_3.jpg	1415113
steps/other_qian-long-bai-cai/step_4.jpg	1265081
steps/other_qian-long-bai-cai/step_5.jpg	1593087
steps/other_qian-long-bai-cai/step_6.jpg	1467676
steps/other_qian-shi-la-chang-wa-wa-cai/step_1.jpg	1597908
steps/other_qian-shi-la-chang-wa-wa-cai/step_2.jpg	1431805
steps/other_qian-shi-la-chang-wa-wa-cai/step_3.jpg	1513668
steps/other_qian-shi-la-chang-wa-wa-cai/step_4.jpg	1381338
steps/other_qian-shi-la-chang-wa-wa-cai/step_5.jpg	1790870
steps/other_qie-zi-rou-jian-bing/step_1.jpg	1315848
steps/other_qie-zi-rou-jian-bing/step_2.jpg	1520258
steps/other_qie-zi-rou-jian-bing/step_3.jpg	1524736
steps/other_qie-zi-rou-jian-bing/step_4.jpg	1679305
steps/other_qie-zi-rou-jian-bing/step_5.jpg	1735178
steps/other_qie-zi-rou-jian-bing/step_6.jpg	1850447
steps/other_qin-cai-ban-cha-shu-gu/step_1.jpg	1460958
steps/other_qin-cai-ban-cha-shu-gu/step_10.jpg	1621275
steps/other_qin-cai-ban-cha-shu-gu/step_2.jpg	1560858
steps/other_qin-cai-ban-cha-shu-gu/step_3.jpg	1509705
steps/other_qin-cai-ban-cha-shu-gu/step_4.jpg	1152334
steps/other_qin-cai-ban-cha-shu-gu/step_5.jpg	1536818
steps/other_qin-cai-ban-cha-shu-gu/step_6.jpg	1548891
steps/other_qin-cai-ban-cha-shu-gu/step_7.jpg	1579389
steps/other_qin-cai-ban-cha-shu-gu/step_8.jpg	1726579
steps/other_qin-cai-ban-cha-shu-gu/step_9.jpg	1340902
steps/other_qing-jiao-niang/step_1.jpg	2007590
steps/other_qing-jiao-niang/step_10.jpg	1419288
steps/other_qing-jiao-niang/step_2.jpg	1506836
steps/other_qing-jiao-niang/step_3.jpg	1823326
steps/other_qing-jiao-niang/step_4.jpg	1255868
steps/other_qing-jiao-niang/step_5.jpg	1466926
steps/other_qing-jiao-niang/step_6.jpg	1385389
steps/other_qing-jiao-niang/step_7.jpg	1582959
steps/other_qing-jiao-niang/step_8.jpg	1524253
steps/other_qing-jiao-niang/step_9.jpg	1874451
steps/other_qing-jiao-tu-dou-chao-rou/step_1.jpg	1634661
steps/other_qing-jiao-tu-dou-chao-rou/step_2.jpg	1891469
steps/other_qing-jiao-tu-dou-chao-rou/step_3.jpg	1335591
steps/other_qing-jiao-tu-dou-chao-rou/step_4.jpg	1403782
steps/other_qing-jiao-tu-dou-chao-rou/step_5.jpg	1537828
steps/other_qing-zheng-gui-yu/step_1.jpg	1746610
steps/other_qing-zheng-gui-yu/step_2.jpg	1414470
steps/other_qing-zheng-gui-yu/step_3.jpg	1816854
steps/other_qing-zheng-lu-yu/step_1.jpg	1602348
steps/other_qing-zheng-lu-yu/step_2.jpg	1435649
steps/other_qing-zheng-lu-yu/step_3.jpg	1576535
steps/other_qing-zheng-lu-yu/step_4.jpg	1401560
steps/other_qing-zheng-lu-yu/step_5.jpg	1521539
steps/other_qing-zheng-lu-yu/step_6.jpg	1519162
steps/other_qing-zheng-lu-yu/step_7.jpg	1696058
steps/other_ri-shi-fei-niu-jing-fan/step_1.jpg	1362947
steps/other_ri-shi-fei-niu-jing-fan/step_2.jpg	1410529
steps/other_ri-shi-fei-niu-jing-fan/step_3.jpg	1721409
steps/other_ri-shi-fei-niu-jing-fan/step_4.jpg	1324015
steps/other_ri-shi-fei-niu-jing-fan/step_5.jpg	1671690
steps/other_ri-shi-fei-niu-jing-fan/step_6.jpg	1587037
steps/other_ri-shi-fei-niu-jing-fan/step_7.jpg	1543326
steps/other_ri-shi-fei-niu-jing-fan/step_8.jpg	1694508
steps/other_ri-shi-fei-niu-jing-fan/step_9.jpg	1618543
steps/other_ri-shi-ga-li-fan/step_1.jpg	1721669
steps/other_ri-shi-ga-li-fan/step_2.jpg	1813378
steps/other_ri-shi-ga-li-fan/step_3.jpg	1608889
steps/other_ri-shi-ga-li-fan/step_4.jpg	1680513
steps/other_ri-shi-ga-li-fan/step_5.jpg	1358388
steps/other_ri-shi-ga-li-fan/step_6.jpg	1270894
steps/other_ri-shi-ga-li-fan/step_7.jpg	1568469
steps/other_sha-tang-ye-zi-bing-sha/step_1.jpg	1297919
steps/other_sha-tang-ye-zi-bing-sha/step_2.jpg	1411872
steps/other_sha-tang-ye-zi-bing-sha/step_3.jpg	1412049
steps/other_sha-tang-ye-zi-bing-sha/step_4.jpg	1261947
steps/other_sha-tang-ye-zi-bing-sha/step_5.jpg	1300805
steps/other_sha-tang-ye-zi-bing-sha/step_6.jpg	1290071
steps/other_shan-xi-you-po-mian/step_1.jpg	1581187
steps/other_shan-xi-you-po-mian/step_10.jpg	1644232
steps/other_shan-xi-you-po-mian/step_2.jpg	1610069
steps/other_shan-xi-you-po-mian/step_3.jpg	1587657
steps/other_shan-xi-you-po-mian/step_4.jpg	1523142
steps/other_shan-xi-you-po-mian/step_5.jpg	1511063
steps/other_shan-xi-you-po-mian/step_6.jpg	1390731
steps/other_shan-xi-you-po-mian/step_7.jpg	1788123
steps/other_shan-xi-you-po-mian/step_8.jpg	1758511
steps/other_shan-xi-you-po-mian/step_9.jpg	1787232
steps/other_shang-tang-wa-wa-cai/step_1.jpg	1283966
steps/other_shang-tang-wa-wa-cai/step_10.jpg	1241111
steps/other_shang-tang-wa-wa-cai/step_2.jpg	1515246
steps/other_shang-tang-wa-wa-cai/step_3.jpg	1449455
steps/other_shang-tang-wa-wa-cai/step_4.jpg	1338954
steps/other_shang-tang-wa-wa-cai/step_5.jpg	1661821
steps/other_shang-tang-wa-wa-cai/step_6.jpg	1217440
steps/other_shang-tang-wa-wa-cai/step_7.jpg	1566179
steps/other_shang-tang-wa-wa-cai/step_8.jpg	1455665
steps/other_shang-tang-wa-wa-cai/step_9.jpg	1612739
steps/other_shi-zhi-zheng-bai-shan/step_1.jpg	1598018
steps/other_shi-zhi-zheng-bai-shan/step_2.jpg	1538519
steps/other_shi-zhi-zheng-bai-shan/step_3.jpg	1562774
steps/other_shi-zhi-zheng-bai-shan/step_4.jpg	1598633
steps/other_shi-zhi-zheng-bai-shan/step_5.jpg	1622210
steps/other_shou-rou-tu-dou-pian/step_1.jpg	1305104
steps/other_shou-rou-tu-dou-pian/step_2.jpg	1468612
steps/other_shou-rou-tu-dou-pian/step_3.jpg	1676043
steps/other_shou-rou-tu-dou-pian/step_4.jpg	1486194
steps/other_shou-rou-tu-dou-pian/step_5.jpg	1484405
steps/other_shou-rou-tu-dou-pian/step_6.jpg	1413748
steps/other_shou-rou-tu-dou-pian/step_7.jpg	1475227
steps/other_shou-rou-tu-dou-pian/step_8.jpg	1492891
steps/other_shou-si-bao-cai/step_1.jpg	1618714
steps/other_shou-si-bao-cai/step_2.jpg	1649142
steps/other_shou-si-bao-cai/step_3.jpg	1367086
steps/other_shou-si-bao-cai/step_4.jpg	1599623
steps/other_shou-si-bao-cai/step_5.jpg	1556507
steps/other_shou-si-bao-cai/step_6.jpg	1778529
steps/other_shou-si-bao-cai/step_7.jpg	1704508
steps/other_shou-si-bao-cai/step_8.jpg	1638270
steps/other_shui-zhu-niu-rou/step_1.jpg	1494258
steps/other_shui-zhu-niu-rou/step_10.jpg	1713900
steps/other_shui-zhu-niu-rou/step_11.jpg	1780476
steps/other_shui-zhu-niu-rou/step_2.jpg	1472772
steps/other_shui-zhu-niu-rou/step_3.jpg	1347735
steps/other_shui-zhu-niu-rou/step_4.jpg	1731930
steps/other_shui-zhu-niu-rou/step_5.jpg	1616529
steps/other_shui-zhu-niu-rou/step_6.jpg	1539678
steps/other_shui-zhu-niu-rou/step_7.jpg	1367794
steps/other_shui-zhu-niu-rou/step_8.jpg	1482358
steps/other_shui-zhu-niu-rou/step_9.jpg	1483091
steps/other_su-dong-tang-yuan/step_1.jpg	1433063
steps/other_su-dong-tang-yuan/step_2.jpg	1065043
steps/other_su-dong-tang-yuan/step_3.jpg	1492032
steps/other_su-dong-tang-yuan/step_4.jpg	1104929
steps/other_su-ge-lan-dan-de-zuo-fa/step_1.jpg	1273401
steps/other_su-ge-lan-dan-de-zuo-fa/step_2.jpg	1328370
steps/other_su-ge-lan-dan-de-zuo-fa/step_3.jpg	1437391
steps/other_su-ge-lan-dan-de-zuo-fa/step_4.jpg	1200399
steps/other_su-ge-lan-dan-de-zuo-fa/step_5.jpg	1486018
steps/other_su-ge-lan-dan-de-zuo-fa/step_6.jpg	1704249
steps/other_su-ge-lan-dan-de-zuo-fa/step_7.jpg	1492958
steps/other_su-ge-lan-dan-de-zuo-fa/step_8.jpg	1575980
steps/other_suan-mei-tang/step_1.jpg	1633575
steps/other_suan-mei-tang/step_2.jpg	1580661
steps/other_suan-mei-tang/step_3.jpg	1502746
steps/other_suan-mei-tang/step_4.jpg	1578287
steps/other_suan-mei-tang/step_5.jpg	1407896
steps/other_suan-mei-tang/step_6.jpg	1708164
steps/other_suan-nai-yi-shi-nai-dong/step_1.jpg	1238425
steps/other_suan-nai-yi-shi-nai-dong/step_2.jpg	1282908
steps/other_suan-nai-yi-shi-nai-dong/step_3.jpg	1410585
steps/other_suan-nai-yi-shi-nai-dong/step_4.jpg	1338440
steps/other_suan-nai-yi-shi-nai-dong/step_5.jpg	1304125
steps/other_suan-nai-yi-shi-nai-dong/step_6.jpg	1293862
steps/other_suan-rong-kong-xin-cai/step_1.jpg	1521472
steps/other_suan-rong-kong-xin-cai/step_2.jpg	1502330
steps/other_suan-rong-kong-xin-cai/step_3.jpg	1654088
steps/other_suan-rong-kong-xin-cai/step_4.jpg	1379575
steps/other_suan-rong-kong-xin-cai/step_5.jpg	1574391
steps/other_suan-rong-kong-xin-cai/step_6.jpg	1579914
steps/other_suan-rong-xia/step_1.jpg	1793727
steps/other_suan-rong-xia/step_2.jpg	1556866
steps/other_suan-rong-xia/step_3.jpg	1599276
steps/other_suan-rong-xia/step_4.jpg	1545560
steps/other_suan-xiang-huang-you-xia/step_1.jpg	1373689
steps/other_suan-xiang-huang-you-xia/step_2.jpg	1448482
steps/other_suan-xiang-huang-you-xia/step_3.jpg	1517373
steps/other_suan-xiang-huang-you-xia/step_4.jpg	1693744
steps/other_suan-xiang-huang-you-xia/step_5.jpg	1751964
steps/other_suan-xiang-huang-you-xia/step_6.jpg	1811941
steps/other_suan-xiang-huang-you-xia/step_7.jpg	1832753
steps/other_suan-xiang-huang-you-xia/step_8.jpg	1476125
steps/other_suan-xiang-huang-you-xia/step_9.jpg	1587614
steps/other_tai-guo-shou-biao-hong-cha-de-zuo-fa/step_1.jpg	1430282
steps/other_tai-guo-shou-biao-hong-cha-de-zuo-fa/step_2.jpg	1474608
steps/other_tai-guo-shou-biao-hong-cha-de-zuo-fa/step_3.jpg	1478609
steps/other_tai-guo-shou-biao-hong-cha-de-zuo-fa/step_4.jpg	1343916
steps/other_tai-guo-shou-biao-hong-cha-de-zuo-fa/step_5.jpg	1227539
steps/other_tai-guo-shou-biao-hong-cha-de-zuo-fa/step_6.jpg	1349935
steps/other_tai-shi-lu-rou-fan/step_1.jpg	1384954
steps/other_tai-shi-lu-rou-fan/step_10.jpg	1775631
steps/other_tai-shi-lu-rou-fan/step_11.jpg	1539706
steps/other_tai-shi-lu-rou-fan/step_12.jpg	1558288
steps/other_tai-shi-lu-rou-fan/step_2.jpg	1474203
steps/other_tai-shi-lu-rou-fan/step_3.jpg	1188236
steps/other_tai-shi-lu-rou-fan/step_4.jpg	1480104
steps/other_tai-shi-lu-rou-fan/step_5.jpg	1694827
steps/other_tai-shi-lu-rou-fan/step_6.jpg	1611826
steps/other_tai-shi-lu-rou-fan/step_7.jpg	1527416
steps/other_tai-shi-lu-rou-fan/step_8.jpg	1741826
steps/other_tai-shi-lu-rou-fan/step_9.jpg	1673754
steps/other_tang-ban-xi-hong-shi/step_1.jpg	1354838
steps/other_tang-ban-xi-hong-shi/step_2.jpg	1378589
steps/other_tang-ban-xi-hong-shi/step_3.jpg	1406304
steps/other_tang-ban-xi-hong-shi/step_4.jpg	1444193
steps/other_tang-ban-xi-hong-shi/step_5.jpg	1576627
steps/other_tang-ban-xi-hong-shi/step_6.jpg	2012697
steps/other_tang-ban-xi-hong-shi/step_7.jpg	1379590
steps/other_tang-ban-xi-hong-shi/step_8.jpg	1425071
steps/other_tang-cu-li-yu/step_1.jpg	1366632
steps/other_tang-cu-li-yu/step_10.jpg	1783759
steps/other_tang-cu-li-yu/step_11.jpg	1610172
steps/other_tang-cu-li-yu/step_12.jpg	1663275
steps/other_tang-cu-li-yu/step_13.jpg	1739915
steps/other_tang-cu-li-yu/step_2.jpg	1671658
steps/other_tang-cu-li-yu/step_3.jpg	1530559
steps/other_tang-cu-li-yu/step_4.jpg	1558209
steps/other_tang-cu-li-yu/step_5.jpg	1595205
steps/other_tang-cu-li-yu/step_6.jpg	1328863
steps/other_tang-cu-li-yu/step_7.jpg	1380998
steps/other_tang-cu-li-yu/step_8.jpg	1523840
steps/other_tang-cu-li-yu/step_9.jpg	1744820
steps/other_tang-cu-pai-gu/step_1.jpg	1563000
steps/other_tang-cu-pai-gu/step_2.jpg	1526243
steps/other_tang-cu-pai-gu/step_3.jpg	1636211
steps/other_tang-cu-pai-gu/step_4.jpg	1529030
steps/other_tang-cu-pai-gu/step_5.jpg	1625533
steps/other_tang-cu-pai-gu/step_6.jpg	1751263
steps/other_tang-cu-pai-gu/step_7.jpg	1439379
steps/other_ti-la-mi-su-de-zuo-fa/step_1.jpg	1154134
steps/other_ti-la-mi-su-de-zuo-fa/step_10.jpg	1926853
steps/other_ti-la-mi-su-de-zuo-fa/step_2.jpg	1352075
steps/other_ti-la-mi-su-de-zuo-fa/step_3.jpg	1423479
steps/other_ti-la-mi-su-de-zuo-fa/step_4.jpg	1447342
steps/other_ti-la-mi-su-de-zuo-fa/step_5.jpg	1375227
steps/other_ti-la-mi-su-de-zuo-fa/step_6.jpg	1320367
steps/other_ti-la-mi-su-de-zuo-fa/step_7.jpg	1431429
steps/other_ti-la-mi-su-de-zuo-fa/step_8.jpg	1444053
steps/other_ti-la-mi-su-de-zuo-fa/step_9.jpg	1756660
steps/other_tian-luo-niang/step_1.jpg	1559446
steps/other_tian-luo-niang/step_2.jpg	1657861
steps/other_tian-luo-niang/step_3.jpg	1824389
steps/other_tian-luo-niang/step_4.jpg	1522167
steps/other_tian-luo-niang/step_5.jpg	1770251
steps/other_tu-dou-dun-pai-gu/step_1.jpg	1423446
steps/other_tu-dou-dun-pai-gu/step_10.jpg	1647408
steps/other_tu-dou-dun-pai-gu/step_2.jpg	1187247
steps/other_tu-dou-dun-pai-gu/step_3.jpg	1603477
steps/other_tu-dou-dun-pai-gu/step_4.jpg	1431084
steps/other_tu-dou-dun-pai-gu/step_5.jpg	1868053
steps/other_tu-dou-dun-pai-gu/step_6.jpg	1801499
steps/other_tu-dou-dun-pai-gu/step_7.jpg	1756230
steps/other_tu-dou-dun-pai-gu/step_8.jpg	1389700
steps/other_tu-dou-dun-pai-gu/step_9.jpg	1350160
steps/other_wei-bo-lu-ji-dan-geng/step_1.jpg	1169159
steps/other_wei-bo-lu-ji-dan-geng/step_10.jpg	1523483
steps/other_wei-bo-lu-ji-dan-geng/step_11.jpg	1286283
steps/other_wei-bo-lu-ji-dan-geng/step_2.jpg	1491434
steps/other_wei-bo-lu-ji-dan-geng/step_3.jpg	1649840
steps/other_wei-bo-lu-ji-dan-geng/step_4.jpg	1384064
steps/other_wei-bo-lu-ji-dan-geng/step_5.jpg	1287375
steps/other_wei-bo-lu-ji-dan-geng/step_6.jpg	1446016
steps/other_wei-bo-lu-ji-dan-geng/step_7.jpg	1211325
steps/other_wei-bo-lu-ji-dan-geng/step_8.jpg	1592260
steps/other_wei-bo-lu-ji-dan-geng/step_9.jpg	1601675
steps/other_wei-bo-lu-la-chang-bao-zai-fan/step_1.jpg	1478734
steps/other_wei-bo-lu-la-chang-bao-zai-fan/step_2.jpg	1683020
steps/other_wei-bo-lu-la-chang-bao-zai-fan/step_3.jpg	1488939
steps/other_wei-bo-lu-la-chang-bao-zai-fan/step_4.jpg	1423745
steps/other_wei-bo-lu-la-chang-bao-zai-fan/step_5.jpg	1550330
steps/other_wei-bo-lu-la-chang-bao-zai-fan/step_6.jpg	1612811
steps/other_wen-quan-dan/step_1.jpg	1595917
steps/other_wen-quan-dan/step_2.jpg	1308945
steps/other_wen-quan-dan/step_3.jpg	1358621
steps/other_wen-quan-dan/step_4.jpg	1396596
steps/other_wen-quan-dan/step_5.jpg	1472458
steps/other_wen-quan-dan/step_6.jpg	1185998
steps/other_wo-sun-ye-jian-bing/step_1.jpg	1788733
steps/other_wo-sun-ye-jian-bing/step_2.jpg	1833771
steps/other_wo-sun-ye-jian-bing/step_3.jpg	1845066
steps/other_wu-chu-shi-ji-feng-mi-mian-bao/step_1.jpg	1511118
steps/other_wu-chu-shi-ji-feng-mi-mian-bao/step_10.jpg	1434601
steps/other_wu-chu-shi-ji-feng-mi-mian-bao/step_11.jpg	1411631
steps/other_wu-chu-shi-ji-feng-mi-mian-bao/step_12.jpg	1569614
steps/other_wu-chu-shi-ji-feng-mi-mian-bao/step_13.jpg	1424129
steps/other_wu-chu-shi-ji-feng-mi-mian-bao/step_14.jpg	1564464
steps/other_wu-chu-shi-ji-feng-mi-mian-bao/step_15.jpg	1741915
steps/other_wu-chu-shi-ji-feng-mi-mian-bao/step_2.jpg	1297966
steps/other_wu-chu-shi-ji-feng-mi-mian-bao/step_3.jpg	1451513
steps/other_wu-chu-shi-ji-feng-mi-mian-bao/step_4.jpg	1466239
steps/other_wu-chu-shi-ji-feng-mi-mian-bao/step_5.jpg	1823890
steps/other_wu-chu-shi-ji-feng-mi-mian-bao/step_6.jpg	1471930
steps/other_wu-chu-shi-ji-feng-mi-mian-bao/step_7.jpg	1243368
steps/other_wu-chu-shi-ji-feng-mi-mian-bao/step_8.jpg	1374632
steps/other_wu-chu-shi-ji-feng-mi-mian-bao/step_9.jpg	1349624
steps/other_wu-gu-ji-zhao/step_1.jpg	1221176
steps/other_wu-gu-ji-zhao/step_10.jpg	1313671
steps/other_wu-gu-ji-zhao/step_2.jpg	1342231
steps/other_wu-gu-ji-zhao/step_3.jpg	1435241
steps/other_wu-gu-ji-zhao/step_4.jpg	1456223
steps/other_wu-gu-ji-zhao/step_5.jpg	1523330
steps/other_wu-gu-ji-zhao/step_6.jpg	1362150
steps/other_wu-gu-ji-zhao/step_7.jpg	1556594
steps/other_wu-gu-ji-zhao/step_8.jpg	1588676
steps/other_wu-gu-ji-zhao/step_9.jpg	1470180
steps/other_xi-hong-shi-dou-fu-tang-geng/step_1.jpg	1273319
steps/other_xi-hong-shi-dou-fu-tang-geng/step_2.jpg	1548630
steps/other_xi-hong-shi-dou-fu-tang-geng/step_3.jpg	1531662
steps/other_xi-hong-shi-dou-fu-tang-geng/step_4.jpg	1360650
steps/other_xi-hong-shi-dou-fu-tang-geng/step_5.jpg	1330145
steps/other_xi-hong-shi-ji-dan-gua-mian/step_1.jpg	1388355
steps/other_xi-hong-shi-ji-dan-gua-mian/step_2.jpg	1454271
steps/other_xi-hong-shi-ji-dan-gua-mian/step_3.jpg	1870137
steps/other_xi-hong-shi-ji-dan-gua-mian/step_4.jpg	1453571
steps/other_xi-hong-shi-niu-nan/step_1.jpg	1651942
steps/other_xi-hong-shi-niu-nan/step_2.jpg	1745759
steps/other_xi-hong-shi-niu-nan/step_3.jpg	1680295
steps/other_xi-hong-shi-niu-nan/step_4.jpg	1833022
steps/other_xi-hong-shi-niu-nan/step_5.jpg	1473902
steps/other_xi-hong-shi-niu-nan/step_6.jpg	1589458
steps/other_xi-hong-shi-niu-nan/step_7.jpg	1675054
steps/other_xi-hong-shi-tu-dou-dun-niu-rou/step_1.jpg	1629059
steps/other_xi-hong-shi-tu-dou-dun-niu-rou/step_2.jpg	1265735
steps/other_xi-hong-shi-tu-dou-dun-niu-rou/step_3.jpg	1513192
steps/other_xi-hong-shi-tu-dou-dun-niu-rou/step_4.jpg	1683150
steps/other_xi-hong-shi-tu-dou-dun-niu-rou/step_5.jpg	1584839
steps/other_xi-hu-lu-chao-ji-dan/step_1.jpg	1279340
steps/other_xi-hu-lu-chao-ji-dan/step_2.jpg	1605905
steps/other_xi-hu-lu-chao-ji-dan/step_3.jpg	1441691
steps/other_xi-hu-lu-chao-ji-dan/step_4.jpg	1672856
steps/other_xi-hu-lu-chao-ji-dan/step_5.jpg	1512100
steps/other_xi-hu-lu-chao-ji-dan/step_6.jpg	1645837
steps/other_xi-hu-lu-chao-ji-dan/step_7.jpg	1626408
steps/other_xi-hu-lu-chao-ji-dan/step_8.jpg	1524027
steps/other_xi-hu-lu-chao-ji-dan/step_9.jpg	1533234
steps/other_xiang-gan-qin-cai-chao-rou/step_1.jpg	1544763
steps/other_xiang-gan-qin-cai-chao-rou/step_10.jpg	1330355
steps/other_xiang-gan-qin-cai-chao-rou/step_11.jpg	1535520
steps/other_xiang-gan-qin-cai-chao-rou/step_2.jpg	1258965
steps/other_xiang-gan-qin-cai-chao-rou/step_3.jpg	1381507
steps/other_xiang-gan-qin-cai-chao-rou/step_4.jpg	1856619
steps/other_xiang-gan-qin-cai-chao-rou/step_5.jpg	1572836
steps/other_xiang-gan-qin-cai-chao-rou/step_6.jpg	1726644
steps/other_xiang-gan-qin-cai-chao-rou/step_7.jpg	1610984
steps/other_xiang-gan-qin-cai-chao-rou/step_8.jpg	1527736
steps/other_xiang-gan-qin-cai-chao-rou/step_9.jpg	1591691
steps/other_xiang-gu-hua-ji/step_1.jpg	1693498
steps/other_xiang-gu-hua-ji/step_10.jpg	1708114
steps/other_xiang-gu-hua-ji/step_2.jpg	1660748
steps/other_xiang-gu-hua-ji/step_3.jpg	1584605
steps/other_xiang-gu-hua-ji/step_4.jpg	1628968
steps/other_xiang-gu-hua-ji/step_5.jpg	1808819
steps/other_xiang-gu-hua-ji/step_6.jpg	1565142
steps/other_xiang-gu-hua-ji/step_7.jpg	1721348
steps/other_xiang-gu-hua-ji/step_8.jpg	1748761
steps/other_xiang-gu-hua-ji/step_9.jpg	1543404
steps/other_xiang-jian-qiao-zui-yu/step_1.jpg	1566934
steps/other_xiang-jian-qiao-zui-yu/step_10.jpg	1786535
steps/other_xiang-jian-qiao-zui-yu/step_11.jpg	1490097
steps/other_xiang-jian-qiao-zui-yu/step_2.jpg	1568971
steps/other_xiang-jian-qiao-zui-yu/step_3.jpg	1474323
steps/other_xiang-jian-qiao-zui-yu/step_4.jpg	1364782
steps/other_xiang-jian-qiao-zui-yu/step_5.jpg	1650077
steps/other_xiang-jian-qiao-zui-yu/step_6.jpg	1771802
steps/other_xiang-jian-qiao-zui-yu/step_7.jpg	1677574
steps/other_xiang-jian-qiao-zui-yu/step_8.jpg	1658707
steps/other_xiang-jian-qiao-zui-yu/step_9.jpg	1726098
steps/other_xiang-jian-wu-hua-rou/step_1.jpg	1247706
steps/other_xiang-jian-wu-hua-rou/step_2.jpg	1746480
steps/other_xiang-jian-wu-hua-rou/step_3.jpg	1343585
steps/other_xiang-jian-wu-hua-rou/step_4.jpg	1500723
steps/other_xiang-jian-wu-hua-rou/step_5.jpg	1638785
steps/other_xiang-jian-wu-hua-rou/step_6.jpg	1640764
steps/other_xiang-la-ji-zhao-bao/step_1.jpg	1344494
steps/other_xiang-la-ji-zhao-bao/step_2.jpg	1612913
steps/other_xiang-la-ji-zhao-bao/step_3.jpg	1456968
steps/other_xiang-la-ji-zhao-bao/step_4.jpg	1444661
steps/other_xiang-la-ji-zhao-bao/step_5.jpg	1870624
steps/other_xiang-la-ji-zhao-bao/step_6.jpg	1708444
steps/other_xiang-la-ji-zhao-bao/step_7.jpg	1707607
steps/other_xiang-qi-mi-fu-ya/step_1.jpg	1753322
steps/other_xiang-qi-mi-fu-ya/step_2.jpg	1736852
steps/other_xiang-qi-mi-fu-ya/step_3.jpg	1855239
steps/other_xiang-qi-mi-fu-ya/step_4.jpg	1654230
steps/other_xiang-qi-mi-fu-ya/step_5.jpg	1852487
steps/other_xiang-qi-mi-fu-ya/step_6.jpg	1537418
steps/other_xiang-qi-mi-fu-ya/step_7.jpg	1542568
steps/other_xiao-chao-huang-niu-rou/step_1.jpg	1492442
steps/other_xiao-chao-huang-niu-rou/step_2.jpg	1498924
steps/other_xiao-chao-huang-niu-rou/step_3.jpg	1584959
steps/other_xiao-chao-huang-niu-rou/step_4.jpg	1610668
steps/other_xiao-chao-huang-niu-rou/step_5.jpg	1406127
steps/other_xiao-chao-huang-niu-rou/step_6.jpg	1529592
steps/other_xiao-chao-huang-niu-rou/step_7.jpg	1431198
steps/other_xiao-chao-huang-niu-rou/step_8.jpg	1581464
steps/other_xiao-chao-huang-niu-rou/step_9.jpg	1480119
steps/other_xiao-chao-ji-gan/step_1.jpg	1598580
steps/other_xiao-chao-ji-gan/step_2.jpg	1542190
steps/other_xiao-chao-ji-gan/step_3.jpg	1557427
steps/other_xiao-chao-ji-gan/step_4.jpg	1701640
steps/other_xiao-chao-ji-gan/step_5.jpg	1795837
steps/other_xiao-chao-ou-ding/step_1.jpg	1621143
steps/other_xiao-chao-ou-ding/step_2.jpg	1499270
steps/other_xiao-chao-ou-ding/step_3.jpg	1344637
steps/other_xiao-chao-ou-ding/step_4.jpg	1461935
steps/other_xiao-chao-ou-ding/step_5.jpg	1371372
steps/other_xiao-chao-ou-ding/step_6.jpg	1608512
steps/other_xiao-chao-ou-ding/step_7.jpg	1421782
steps/other_xiao-chao-ou-ding/step_8.jpg	1581981
steps/other_xiao-chao-ou-ding/step_9.jpg	1718957
steps/other_xiao-long-xia/step_1.jpg	1345162
steps/other_xiao-long-xia/step_2.jpg	2002946
steps/other_xiao-long-xia/step_3.jpg	1543030
steps/other_xiao-long-xia/step_4.jpg	1888681
steps/other_xiao-long-xia/step_5.jpg	1515908
steps/other_xiao-long-xia/step_6.jpg	1716318
steps/other_xiao-long-xia/step_7.jpg	1629390
steps/other_xin-jiang-da-pan-ji/step_1.jpg	1571740
steps/other_xin-jiang-da-pan-ji/step_10.jpg	1821994
steps/other_xin-jiang-da-pan-ji/step_2.jpg	1349523
steps/other_xin-jiang-da-pan-ji/step_3.jpg	1479197
steps/other_xin-jiang-da-pan-ji/step_4.jpg	1456888
steps/other_xin-jiang-da-pan-ji/step_5.jpg	1859020
steps/other_xin-jiang-da-pan-ji/step_6.jpg	1650880
steps/other_xin-jiang-da-pan-ji/step_7.jpg	1690892
steps/other_xin-jiang-da-pan-ji/step_8.jpg	1588802
steps/other_xin-jiang-da-pan-ji/step_9.jpg	1823281
steps/other_xue-hua-su/step_1.jpg	1670434
steps/other_xue-hua-su/step_2.jpg	1566071
steps/other_xue-hua-su/step_3.jpg	1187807
steps/other_xue-hua-su/step_4.jpg	1500323
steps/other_xue-hua-su/step_5.jpg	1515311
steps/other_xue-hua-su/step_6.jpg	1658617
steps/other_xue-hua-su/step_7.jpg	1660374
steps/other_xue-hua-su/step_8.jpg	1652484
steps/other_xue-jiang-ya/step_1.jpg	1401882
steps/other_xue-jiang-ya/step_2.jpg	1758425
steps/other_xue-jiang-ya/step_3.jpg	1707659
steps/other_xue-jiang-ya/step_4.jpg	1519118
steps/other_xue-jiang-ya/step_5.jpg	1671830
steps/other_xue-jiang-ya/step_6.jpg	1521606
steps/other_xue-jiang-ya/step_7.jpg	1621157
steps/other_yang-cong-chao-ji-dan/step_1.jpg	1521177
steps/other_yang-cong-chao-ji-dan/step_2.jpg	1468141
steps/other_yang-cong-chao-ji-dan/step_3.jpg	1487119
steps/other_yang-pai-men-mian/step_1.jpg	1502625
steps/other_yang-pai-men-mian/step_2.jpg	1521503
steps/other_yang-pai-men-mian/step_3.jpg	1807599
steps/other_yang-pai-men-mian/step_4.jpg	1865343
steps/other_yang-pai-men-mian/step_5.jpg	1712200
steps/other_yang-pai-men-mian/step_6.jpg	1373772
steps/other_yang-pai-men-mian/step_7.jpg	1484194
steps/other_yang-pai-men-mian/step_8.jpg	1858427
steps/other_yang-pai-men-mian/step_9.jpg	1599997
steps/other_yang-rou-tang/step_1.jpg	1527877
steps/other_yang-rou-tang/step_2.jpg	1506355
steps/other_yang-rou-tang/step_3.jpg	1489094
steps/other_yang-rou-tang/step_4.jpg	1518260
steps/other_yang-rou-tang/step_5.jpg	1537792
steps/other_yang-rou-tang/step_6.jpg	1591580
steps/other_yang-rou-tang/step_7.jpg	1469761
steps/other_yang-rou-tang/step_8.jpg	1523591
steps/other_yang-shuo-pi-jiu-yu/step_1.jpg	1624510
steps/other_yang-shuo-pi-jiu-yu/step_10.jpg	1706925
steps/other_yang-shuo-pi-jiu-yu/step_2.jpg	1586575
steps/other_yang-shuo-pi-jiu-yu/step_3.jpg	1791150
steps/other_yang-shuo-pi-jiu-yu/step_4.jpg	1564575
steps/other_yang-shuo-pi-jiu-yu/step_5.jpg	1808981
steps/other_yang-shuo-pi-jiu-yu/step_6.jpg	1635187
steps/other_yang-shuo-pi-jiu-yu/step_7.jpg	1790185
steps/other_yang-shuo-pi-jiu-yu/step_8.jpg	1489837
steps/other_yang-shuo-pi-jiu-yu/step_9.jpg	1691864
steps/other_yang-zhou-chao-fan/step_1.jpg	1497712
steps/other_yang-zhou-chao-fan/step_10.jpg	1662601
steps/other_yang-zhou-chao-fan/step_11.jpg	1369676
steps/other_yang-zhou-chao-fan/step_12.jpg	1780555
steps/other_yang-zhou-chao-fan/step_13.jpg	1492102
steps/other_yang-zhou-chao-fan/step_14.jpg	1665729
steps/other_yang-zhou-chao-fan/step_15.jpg	1536228
steps/other_yang-zhou-chao-fan/step_16.jpg	1562775
steps/other_yang-zhou-chao-fan/step_17.jpg	1554271
steps/other_yang-zhou-chao-fan/step_2.jpg	1354351
steps/other_yang-zhou-chao-fan/step_3.jpg	1405121
steps/other_yang-zhou-chao-fan/step_4.jpg	1394113
steps/other_yang-zhou-chao-fan/step_5.jpg	1567419
steps/other_yang-zhou-chao-fan/step_6.jpg	1452287
steps/other_yang-zhou-chao-fan/step_7.jpg	1450559
steps/other_yang-zhou-chao-fan/step_8.jpg	1494904
steps/other_yang-zhou-chao-fan/step_9.jpg	1597155
steps/other_yi-shi-rou-jiang-mian/step_1.jpg	1485727
steps/other_yi-shi-rou-jiang-mian/step_2.jpg	1601662
steps/other_yi-shi-rou-jiang-mian/step_3.jpg	1643263
steps/other_yi-shi-rou-jiang-mian/step_4.jpg	1816129
steps/other_yi-shi-rou-jiang-mian/step_5.jpg	1400377
steps/other_yi-shi-rou-jiang-mian/step_6.jpg	1783572
steps/other_yin-er-lian-zi-zhou/step_1.jpg	1729018
steps/other_yin-er-lian-zi-zhou/step_2.jpg	1511872
steps/other_yin-er-lian-zi-zhou/step_3.jpg	1335246
steps/other_yin-er-lian-zi-zhou/step_4.jpg	1509633
steps/other_yin-er-lian-zi-zhou/step_5.jpg	1270303
steps/other_yin-er-lian-zi-zhou/step_6.jpg	1435463
steps/other_yin-er-lian-zi-zhou/step_7.jpg	1306878
steps/other_ying-shi-si-kang/step_1.jpg	1389561
steps/other_ying-shi-si-kang/step_2.jpg	1583026
steps/other_ying-shi-si-kang/step_3.jpg	1610028
steps/other_ying-shi-si-kang/step_4.jpg	1587733
steps/other_ying-shi-si-kang/step_5.jpg	1518992
steps/other_ying-shi-si-kang/step_6.jpg	1630488
steps/other_ying-shi-si-kang/step_7.jpg	1417131
steps/other_you-men-da-xia/step_1.jpg	1292969
steps/other_you-men-da-xia/step_2.jpg	1787230
steps/other_you-men-da-xia/step_3.jpg	1748277
steps/other_you-men-da-xia/step_4.jpg	1676310
steps/other_you-men-da-xia/step_5.jpg	1808804
steps/other_you-men-da-xia/step_6.jpg	1590215
steps/other_you-po-la-zi/step_1.jpg	1298193
steps/other_you-po-la-zi/step_10.jpg	1686273
steps/other_you-po-la-zi/step_2.jpg	1610888
steps/other_you-po-la-zi/step_3.jpg	1536057
steps/other_you-po-la-zi/step_4.jpg	1716740
steps/other_you-po-la-zi/step_5.jpg	1576981
steps/other_you-po-la-zi/step_6.jpg	1405580
steps/other_you-po-la-zi/step_7.jpg	1352351
steps/other_you-po-la-zi/step_8.jpg	1720101
steps/other_you-po-la-zi/step_9.jpg	1731563
steps/other_yu-mi-pai-gu-tang/step_1.jpg	1334872
steps/other_yu-mi-pai-gu-tang/step_10.jpg	1267488
steps/other_yu-mi-pai-gu-tang/step_11.jpg	1365729
steps/other_yu-mi-pai-gu-tang/step_2.jpg	1072231
steps/other_yu-mi-pai-gu-tang/step_3.jpg	1627421
steps/other_yu-mi-pai-gu-tang/step_4.jpg	1077494
steps/other_yu-mi-pai-gu-tang/step_5.jpg	1697889
steps/other_yu-mi-pai-gu-tang/step_6.jpg	1684929
steps/other_yu-mi-pai-gu-tang/step_7.jpg	1888203
steps/other_yu-mi-pai-gu-tang/step_8.jpg	1592052
steps/other_yu-mi-pai-gu-tang/step_9.jpg	1482233
steps/other_yu-ni-xue-mei-niang/step_1.jpg	1424467
steps/other_yu-ni-xue-mei-niang/step_10.jpg	1342626
steps/other_yu-ni-xue-mei-niang/step_2.jpg	1523084
steps/other_yu-ni-xue-mei-niang/step_3.jpg	1600728
steps/other_yu-ni-xue-mei-niang/step_4.jpg	1596844
steps/other_yu-ni-xue-mei-niang/step_5.jpg	1705298
steps/other_yu-ni-xue-mei-niang/step_6.jpg	1268013
steps/other_yu-ni-xue-mei-niang/step_7.jpg	1199458
steps/other_yu-ni-xue-mei-niang/step_8.jpg	1168853
steps/other_yu-ni-xue-mei-niang/step_9.jpg	1545204
steps/other_yu-xiang-qie-zi/step_1.jpg	1582774
steps/other_yu-xiang-qie-zi/step_2.jpg	1638684
steps/other_yu-xiang-qie-zi/step_3.jpg	1566979
steps/other_yu-xiang-qie-zi/step_4.jpg	1731570
steps/other_yu-xiang-qie-zi/step_5.jpg	1805755
steps/other_yu-xiang-qie-zi/step_6.jpg	1675591
steps/other_yu-xiang-qie-zi/step_7.jpg	1930160
steps/other_zha-shu-tiao/step_1.jpg	1378688
steps/other_zha-shu-tiao/step_2.jpg	1425608
steps/other_zha-shu-tiao/step_3.jpg	1622849
steps/other_zha-shu-tiao/step_4.jpg	1905982
steps/other_zha-shu-tiao/step_5.jpg	1544983
steps/other_zha-xian-nai/step_1.jpg	1148788
steps/other_zha-xian-nai/step_10.jpg	1228588
steps/other_zha-xian-nai/step_11.jpg	1235204
steps/other_zha-xian-nai/step_12.jpg	1468214
steps/other_zha-xian-nai/step_13.jpg	1487593
steps/other_zha-xian-nai/step_2.jpg	1497937
steps/other_zha-xian-nai/step_3.jpg	1570750
steps/other_zha-xian-nai/step_4.jpg	1479201
steps/other_zha-xian-nai/step_5.jpg	1436904
steps/other_zha-xian-nai/step_6.jpg	1429063
steps/other_zha-xian-nai/step_7.jpg	1088981
steps/other_zha-xian-nai/step_8.jpg	1176146
steps/other_zha-xian-nai/step_9.jpg	1499896
steps/other_zhe-tang-tang-jiang/step_1.jpg	1704224
steps/other_zhe-tang-tang-jiang/step_2.jpg	1324753
steps/other_zheng-xiang-ji-dan-geng/step_1.jpg	1341457
steps/other_zheng-xiang-ji-dan-geng/step_10.jpg	1499118
steps/other_zheng-xiang-ji-dan-geng/step_11.jpg	1504799
steps/other_zheng-xiang-ji-dan-geng/step_2.jpg	1214944
steps/other_zheng-xiang-ji-dan-geng/step_3.jpg	1427109
steps/other_zheng-xiang-ji-dan-geng/step_4.jpg	1363763
steps/other_zheng-xiang-ji-dan-geng/step_5.jpg	1219468
steps/other_zheng-xiang-ji-dan-geng/step_6.jpg	1362789
steps/other_zheng-xiang-ji-dan-geng/step_7.jpg	1258851
steps/other_zheng-xiang-ji-dan-geng/step_8.jpg	1433611
steps/other_zheng-xiang-ji-dan-geng/step_9.jpg	1299591
steps/other_zhi-ma-shao-bing/step_1.jpg	1639623
steps/other_zhi-ma-shao-bing/step_2.jpg	1622163
steps/other_zhi-ma-shao-bing/step_3.jpg	1300281
steps/other_zhi-ma-shao-bing/step_4.jpg	1609918
steps/other_zhi-zhu-yang-nan-bao/step_1.jpg	1712903
steps/other_zhi-zhu-yang-nan-bao/step_10.jpg	1735820
steps/other_zhi-zhu-yang-nan-bao/step_11.jpg	1561964
steps/other_zhi-zhu-yang-nan-bao/step_12.jpg	1710849
steps/other_zhi-zhu-yang-nan-bao/step_13.jpg	1552903
steps/other_zhi-zhu-yang-nan-bao/step_2.jpg	1716275
steps/other_zhi-zhu-yang-nan-bao/step_3.jpg	1156191
steps/other_zhi-zhu-yang-nan-bao/step_4.jpg	1602062
steps/other_zhi-zhu-yang-nan-bao/step_5.jpg	1515593
steps/other_zhi-zhu-yang-nan-bao/step_6.jpg	1714090
steps/other_zhi-zhu-yang-nan-bao/step_7.jpg	1693608
steps/other_zhi-zhu-yang-nan-bao/step_8.jpg	1683504
steps/other_zhi-zhu-yang-nan-bao/step_9.jpg	1430824
steps/other_zhong-shi-xian-bing/step_1.jpg	1650078
steps/other_zhong-shi-xian-bing/step_2.jpg	1627055
steps/other_zhong-shi-xian-bing/step_3.jpg	1473931
steps/other_zhong-shi-xian-bing/step_4.jpg	1705379
steps/other_zhong-shi-xian-bing/step_5.jpg	1710317
steps/other_zhong-shi-xian-bing/step_6.jpg	1321650
steps/other_zhong-shi-xian-bing/step_7.jpg	1547664
steps/other_zhu-guo-zheng-mi-fan/step_1.jpg	1467050
steps/other_zhu-guo-zheng-mi-fan/step_2.jpg	1168982
steps/other_zhu-guo-zheng-mi-fan/step_3.jpg	1360845
steps/other_zhu-guo-zheng-mi-fan/step_4.jpg	1377777
steps/other_zhu-guo-zheng-mi-fan/step_5.jpg	1459649
steps/other_zhu-guo-zheng-mi-fan/step_6.jpg	1379179
steps/other_zhu-guo-zheng-mi-fan/step_7.jpg	1419216
steps/other_zhu-hou-niu-nan/step_1.jpg	1657990
steps/other_zhu-hou-niu-nan/step_10.jpg	1648881
steps/other_zhu-hou-niu-nan/step_11.jpg	1816009
steps/other_zhu-hou-niu-nan/step_12.jpg	1555788
steps/other_zhu-hou-niu-nan/step_13.jpg	1582400
steps/other_zhu-hou-niu-nan/step_14.jpg	1651297
steps/other_zhu-hou-niu-nan/step_15.jpg	1466146
steps/other_zhu-hou-niu-nan/step_16.jpg	1440225
steps/other_zhu-hou-niu-nan/step_17.jpg	1492088
steps/other_zhu-hou-niu-nan/step_18.jpg	1338140
steps/other_zhu-hou-niu-nan/step_2.jpg	1539136
steps/other_zhu-hou-niu-nan/step_3.jpg	1634181
steps/other_zhu-hou-niu-nan/step_4.jpg	1654271
steps/other_zhu-hou-niu-nan/step_5.jpg	1405669
steps/other_zhu-hou-niu-nan/step_6.jpg	1670381
steps/other_zhu-hou-niu-nan/step_7.jpg	1461156
steps/other_zhu-hou-niu-nan/step_8.jpg	1752616
steps/other_zhu-hou-niu-nan/step_9.jpg	1643059
steps/other_zhu-pi-dong/step_1.jpg	1386917
steps/other_zhu-pi-dong/step_2.jpg	1697873
steps/other_zhu-pi-dong/step_3.jpg	1482086
steps/other_zhu-pi-dong/step_4.jpg	1529003
steps/other_zhu-pi-dong/step_5.jpg	1522423
steps/other_zhu-pi-dong/step_6.jpg	1457745
steps/other_zhu-que-tang/step_1.jpg	1459492
steps/other_zhu-que-tang/step_2.jpg	1385045
steps/other_zhu-que-tang/step_3.jpg	1263016
steps/other_zi-bo-shao-kao/step_1.jpg	1682787
steps/other_zi-bo-shao-kao/step_2.jpg	1415174
steps/other_zi-bo-shao-kao/step_3.jpg	1584389
steps/other_zi-bo-shao-kao/step_4.jpg	1701099
steps/other_zi-bo-shao-kao/step_5.jpg	1939852
steps/other_zi-bo-shao-kao/step_6.jpg	1758697
steps/other_zi-bo-shao-kao/step_7.jpg	1361924
steps/other_zi-bo-shao-kao/step_8.jpg	1467920
steps/other_zui-pai-gu/step_1.jpg	1420152
steps/other_zui-pai-gu/step_2.jpg	1617603
steps/other_zui-pai-gu/step_3.jpg	1280451
steps/other_zui-pai-gu/step_4.jpg	1914417
steps/other_zui-pai-gu/step_5.jpg	1745247
steps/other_zui-pai-gu/step_6.jpg	1603120
steps/other_zui-pai-gu/step_7.jpg	1556937
steps/semi-finished_ban-cheng-pin-yi-mian-de-zuo-fa/step_1.jpg	1468385
steps/semi-finished_ban-cheng-pin-yi-mian-de-zuo-fa/step_2.jpg	1530666
steps/semi-finished_ban-cheng-pin-yi-mian-de-zuo-fa/step_3.jpg	1681571
steps/semi-finished_ban-cheng-pin-yi-mian-de-zuo-fa/step_4.jpg	1654359
steps/semi-finished_jia-chang-liang-pi/step_1.jpg	1612322
steps/semi-finished_jia-chang-liang-pi/step_2.jpg	1618277
steps/semi-finished_jia-chang-liang-pi/step_3.jpg	1591978
steps/semi-finished_jia-chang-liang-pi/step_4.jpg	1600796
steps/semi-finished_jia-chang-liang-pi/step_5.jpg	1268590
steps/semi-finished_jia-chang-liang-pi/step_6.jpg	1567383
steps/semi-finished_jia-chang-liang-pi/step_7.jpg	1629720
steps/semi-finished_jia-chang-liang-pi/step_8.jpg	1624750
steps/semi-finished_jia-chang-liang-pi/step_9.jpg	1259383
steps/semi-finished_niu-you-huo-guo-di-liao/step_1.jpg	1704057
steps/semi-finished_niu-you-huo-guo-di-liao/step_2.jpg	1664070
steps/semi-finished_niu-you-huo-guo-di-liao/step_3.jpg	1903635
steps/semi-finished_niu-you-huo-guo-di-liao/step_4.jpg	1621144
steps/semi-finished_niu-you-huo-guo-di-liao/step_5.jpg	1900864
steps/semi-finished_niu-you-huo-guo-di-liao/step_6.jpg	1848671
steps/semi-finished_niu-you-huo-guo-di-liao/step_7.jpg	1838050
steps/semi-finished_niu-you-huo-guo-di-liao/step_8.jpg	1538033
steps/semi-finished_niu-you-huo-guo-di-liao/step_9.jpg	1818521
steps/semi-finished_su-dong-hun-tun-de-zuo-fa/step_1.jpg	1340398
steps/semi-finished_su-dong-hun-tun-de-zuo-fa/step_2.jpg	1417001
steps/semi-finished_su-dong-hun-tun-de-zuo-fa/step_3.jpg	1039623
steps/semi-finished_su-dong-hun-tun-de-zuo-fa/step_4.jpg	1464768
steps/semi-finished_su-dong-shui-jiao/step_1.jpg	1182656
steps/semi-finished_su-dong-shui-jiao/step_2.jpg	1441538
steps/semi-finished_su-dong-shui-jiao/step_3.jpg	1438423
steps/semi-finished_su-dong-shui-jiao/step_4.jpg	1306088
steps/semi-finished_su-dong-shui-jiao/step_5.jpg	1322097
steps/semi-finished_su-dong-shui-jiao/step_6.jpg	1489911
steps/semi-finished_su-dong-shui-jiao/step_7.jpg	1181700
steps/semi-finished_su-dong-shui-jiao/step_8.jpg	1725989
steps/soup_chen-pi-pai-gu-tang/step_1.jpg	1419716
steps/soup_chen-pi-pai-gu-tang/step_2.jpg	1572673
steps/soup_chen-pi-pai-gu-tang/step_3.jpg	1339896
steps/soup_chen-pi-pai-gu-tang/step_4.jpg	1538444
steps/soup_chen-pi-pai-gu-tang/step_5.jpg	1391930
steps/soup_chen-pi-pai-gu-tang/step_6.jpg	1403295
steps/soup_chen-pi-pai-gu-tang/step_7.jpg	1563965
steps/soup_fan-qie-niu-rou-dan-hua-tang/step_1.jpg	1434358
steps/soup_fan-qie-niu-rou-dan-hua-tang/step_2.jpg	1647978
steps/soup_fan-qie-niu-rou-dan-hua-tang/step_3.jpg	1420702
steps/soup_fan-qie-niu-rou-dan-hua-tang/step_4.jpg	1477114
steps/soup_fan-qie-niu-rou-dan-hua-tang/step_5.jpg	1632312
steps/soup_fan-qie-niu-rou-dan-hua-tang/step_6.jpg	1497774
steps/soup_huang-gua-pi-dan-tang/step_1.jpg	1546893
steps/soup_huang-gua-pi-dan-tang/step_2.jpg	1556031
steps/soup_huang-gua-pi-dan-tang/step_3.jpg	1783932
steps/soup_huang-gua-pi-dan-tang/step_4.jpg	1325268
steps/soup_huang-gua-pi-dan-tang/step_5.jpg	1269902
steps/soup_huang-gua-pi-dan-tang/step_6.jpg	1660910
steps/soup_jin-zhen-gu-tang/step_1.jpg	1280149
steps/soup_jin-zhen-gu-tang/step_2.jpg	1464339
steps/soup_jin-zhen-gu-tang/step_3.jpg	1399277
steps/soup_jin-zhen-gu-tang/step_4.jpg	1479852
steps/soup_jin-zhen-gu-tang/step_5.jpg	1262155
steps/soup_la-ba-zhou/step_1.jpg	1713380
steps/soup_la-ba-zhou/step_2.jpg	1620810
steps/soup_la-ba-zhou/step_3.jpg	1421357
steps/soup_la-ba-zhou/step_4.jpg	1564633
steps/soup_la-ba-zhou/step_5.jpg	1476994
steps/soup_la-ba-zhou/step_6.jpg	1517799
steps/soup_luo-song-tang/step_1.jpg	1492844
steps/soup_luo-song-tang/step_2.jpg	1467250
steps/soup_luo-song-tang/step_3.jpg	1333649
steps/soup_luo-song-tang/step_4.jpg	1528486
steps/soup_luo-song-tang/step_5.jpg	1598184
steps/soup_luo-song-tang/step_6.jpg	1548087
steps/soup_luo-song-tang/step_7.jpg	1576814
steps/soup_mi-zhou/step_1.jpg	1431448
steps/soup_mi-zhou/step_2.jpg	1094562
steps/soup_mi-zhou/step_3.jpg	1268599
steps/soup_mi-zhou/step_4.jpg	1303814
steps/soup_mi-zhou/step_5.jpg	1367213
steps/soup_mi-zhou/step_6.jpg	1220906
steps/soup_nai-you-mo-gu-tang/step_1.jpg	1288330
steps/soup_nai-you-mo-gu-tang/step_2.jpg	1448968
steps/soup_nai-you-mo-gu-tang/step_3.jpg	1704657
steps/soup_nai-you-mo-gu-tang/step_4.jpg	1275712
steps/soup_nai-you-mo-gu-tang/step_5.jpg	1231734
steps/soup_nai-you-mo-gu-tang/step_6.jpg	1437112
steps/soup_nai-you-mo-gu-tang/step_7.jpg	1362574
steps/soup_pi-dan-shou-rou-zhou/step_1.jpg	1467461
steps/soup_pi-dan-shou-rou-zhou/step_2.jpg	1621125
steps/soup_pi-dan-shou-rou-zhou/step_3.jpg	1569305
steps/soup_pi-dan-shou-rou-zhou/step_4.jpg	1514545
steps/soup_pi-dan-shou-rou-zhou/step_5.jpg	1227588
steps/soup_pi-dan-shou-rou-zhou/step_6.jpg	1617052
steps/soup_pi-dan-shou-rou-zhou/step_7.jpg	1319292
steps/soup_pi-dan-shou-rou-zhou/step_8.jpg	1434638
steps/soup_sheng-cuan-wan-zi-tang/step_1.jpg	1405027
steps/soup_sheng-cuan-wan-zi-tang/step_2.jpg	1801184
steps/soup_sheng-cuan-wan-zi-tang/step_3.jpg	1551782
steps/soup_sheng-cuan-wan-zi-tang/step_4.jpg	1668277
steps/soup_xi-hong-shi-ji-dan-tang/step_1.jpg	1469099
steps/soup_xi-hong-shi-ji-dan-tang/step_2.jpg	1673656
steps/soup_xi-hong-shi-ji-dan-tang/step_3.jpg	1371984
steps/soup_xi-hong-shi-ji-dan-tang/step_4.jpg	1577464
steps/soup_xi-hong-shi-ji-dan-tang/step_5.jpg	1533256
steps/soup_xi-hong-shi-ji-dan-tang/step_6.jpg	1537358
steps/soup_xi-hong-shi-ji-dan-tang/step_7.jpg	1410607
steps/soup_xi-hong-shi-ji-dan-tang/step_8.jpg	1479733
steps/soup_xiao-mi-zhou/step_1.jpg	1524179
steps/soup_xiao-mi-zhou/step_2.jpg	1573377
steps/soup_xiao-mi-zhou/step_3.jpg	1689412
steps/soup_xiao-mi-zhou/step_4.jpg	1266538
steps/soup_xiao-mi-zhou/step_5.jpg	1316123
steps/soup_zi-cai-dan-hua-tang/step_1.jpg	1379054
steps/soup_zi-cai-dan-hua-tang/step_2.jpg	1621376
steps/soup_zi-cai-dan-hua-tang/step_3.jpg	1590231
steps/soup_zi-cai-dan-hua-tang/step_4.jpg	1503064
steps/soup_zi-cai-dan-hua-tang/step_5.jpg	1549246
steps/staple_chao-he-fen/step_1.jpg	1324082
steps/staple_chao-he-fen/step_10.jpg	1431793
steps/staple_chao-he-fen/step_11.jpg	1733992
steps/staple_chao-he-fen/step_12.jpg	1683580
steps/staple_chao-he-fen/step_2.jpg	1288086
steps/staple_chao-he-fen/step_3.jpg	1616543
steps/staple_chao-he-fen/step_4.jpg	1371456
steps/staple_chao-he-fen/step_5.jpg	1220811
steps/staple_chao-he-fen/step_6.jpg	1568110
steps/staple_chao-he-fen/step_7.jpg	1342840
steps/staple_chao-he-fen/step_8.jpg	1838652
steps/staple_chao-he-fen/step_9.jpg	1680645
steps/staple_chao-mo/step_1.jpg	1470069
steps/staple_chao-mo/step_2.jpg	1241030
steps/staple_chao-mo/step_3.jpg	1361044
steps/staple_chao-mo/step_4.jpg	1646999
steps/staple_chao-mo/step_5.jpg	1662208
steps/staple_chao-mo/step_6.jpg	1710628
steps/staple_chao-mo/step_7.jpg	1708921
steps/staple_chao-mo/step_8.jpg	1713857
steps/staple_chao-mo/step_9.jpg	1524925
steps/staple_chao-nian-gao/step_1.jpg	1592280
steps/staple_chao-nian-gao/step_2.jpg	1544817
steps/staple_chao-nian-gao/step_3.jpg	1514014
steps/staple_chao-nian-gao/step_4.jpg	1724391
steps/staple_chao-nian-gao/step_5.jpg	1769049
steps/staple_chao-nian-gao/step_6.jpg	1526339
steps/staple_chao-nian-gao/step_7.jpg	1571731
steps/staple_chao-nian-gao/step_8.jpg	1559918
steps/staple_cong-you-ban-mian/step_1.jpg	1648685
steps/staple_cong-you-ban-mian/step_2.jpg	1653932
steps/staple_cong-you-ban-mian/step_3.jpg	1646105
steps/staple_cong-you-ban-mian/step_4.jpg	1669312
steps/staple_cong-you-ban-mian/step_5.jpg	1420154
steps/staple_cong-you-ban-mian/step_6.jpg	1534638
steps/staple_cong-you-ban-mian/step_7.jpg	1524235
steps/staple_cong-you-ban-mian/step_8.jpg	1382908
steps/staple_cong-you-ban-mian/step_9.jpg	1557417
steps/staple_dan-bao-fan/step_1.jpg	1444483
steps/staple_dan-bao-fan/step_10.jpg	1644676
steps/staple_dan-bao-fan/step_2.jpg	1399528
steps/staple_dan-bao-fan/step_3.jpg	1795197
steps/staple_dan-bao-fan/step_4.jpg	1571754
steps/staple_dan-bao-fan/step_5.jpg	1845878
steps/staple_dan-bao-fan/step_6.jpg	1348758
steps/staple_dan-bao-fan/step_7.jpg	1249163
steps/staple_dan-bao-fan/step_8.jpg	1504864
steps/staple_dan-bao-fan/step_9.jpg	1511718
steps/staple_dan-chao-fan/step_1.jpg	1731846
steps/staple_dan-chao-fan/step_10.jpg	1521237
steps/staple_dan-chao-fan/step_11.jpg	1562189
steps/staple_dan-chao-fan/step_12.jpg	1596299
steps/staple_dan-chao-fan/step_13.jpg	1531408
steps/staple_dan-chao-fan/step_2.jpg	1674896
steps/staple_dan-chao-fan/step_3.jpg	1638512
steps/staple_dan-chao-fan/step_4.jpg	1454183
steps/staple_dan-chao-fan/step_5.jpg	1367710
steps/staple_dan-chao-fan/step_6.jpg	1341853
steps/staple_dan-chao-fan/step_7.jpg	1618766
steps/staple_dan-chao-fan/step_8.jpg	1472457
steps/staple_dan-chao-fan/step_9.jpg	1648216
steps/staple_hong-yun-dou-ban-fan/step_1.jpg	1554867
steps/staple_hong-yun-dou-ban-fan/step_2.jpg	1622756
steps/staple_hong-yun-dou-ban-fan/step_3.jpg	1893013
steps/staple_hong-yun-dou-ban-fan/step_4.jpg	1783936
steps/staple_hong-yun-dou-ban-fan/step_5.jpg	1624011
steps/staple_hong-yun-dou-ban-fan/step_6.jpg	1459963
steps/staple_hong-yun-dou-ban-fan/step_7.jpg	1512543
steps/staple_jiu-cai-he-zi/step_1.jpg	1448203
steps/staple_jiu-cai-he-zi/step_2.jpg	1460235
steps/staple_jiu-cai-he-zi/step_3.jpg	1504830
steps/staple_jiu-cai-he-zi/step_4.jpg	1522327
steps/staple_jiu-cai-he-zi/step_5.jpg	1464939
steps/staple_ke-le-chao-fan/step_1.jpg	1601534
steps/staple_ke-le-chao-fan/step_2.jpg	1411180
steps/staple_ke-le-chao-fan/step_3.jpg	1593158
steps/staple_ke-le-chao-fan/step_4.jpg	1730839
steps/staple_ke-le-chao-fan/step_5.jpg	1550641
steps/staple_ke-le-chao-fan/step_6.jpg	1571378
steps/staple_ke-le-chao-fan/step_7.jpg	1548536
steps/staple_lao-gan-ma-ban-mian/step_1.jpg	1552197
steps/staple_lao-gan-ma-ban-mian/step_2.jpg	1625948
steps/staple_lao-gan-ma-ban-mian/step_3.jpg	1549830
steps/staple_lao-gan-ma-ban-mian/step_4.jpg	1326735
steps/staple_lao-gan-ma-ban-mian/step_5.jpg	1533824
steps/staple_lao-gan-ma-ban-mian/step_6.jpg	1598827
steps/staple_lao-gan-ma-ban-mian/step_7.jpg	1653037
steps/staple_lao-gan-ma-ban-mian/step_8.jpg	1489546
steps/staple_lao-zao-xiao-tang-yuan/step_1.jpg	1450698
steps/staple_lao-zao-xiao-tang-yuan/step_2.jpg	1305057
steps/staple_lao-zao-xiao-tang-yuan/step_3.jpg	1196196
steps/staple_lao-zao-xiao-tang-yuan/step_4.jpg	1551683
steps/staple_lao-zao-xiao-tang-yuan/step_5.jpg	1320421
steps/staple_li-ti-qiao-ka--litti-chokha/step_1.jpg	1631099
steps/staple_li-ti-qiao-ka--litti-chokha/step_2.jpg	1482569
steps/staple_li-ti-qiao-ka--litti-chokha/step_3.jpg	1694684
steps/staple_li-ti-qiao-ka--litti-chokha/step_4.jpg	1376677
steps/staple_li-ti-qiao-ka--litti-chokha/step_5.jpg	1611130
steps/staple_li-ti-qiao-ka--litti-chokha/step_6.jpg	1415798
steps/staple_li-ti-qiao-ka--litti-chokha/step_7.jpg	1676444
steps/staple_li-ti-qiao-ka--litti-chokha/step_8.jpg	1717901
steps/staple_luo-si-fen/step_1.jpg	1679337
steps/staple_luo-si-fen/step_2.jpg	1530114
steps/staple_luo-si-fen/step_3.jpg	1523689
steps/staple_luo-si-fen/step_4.jpg	1437912
steps/staple_luo-si-fen/step_5.jpg	1577194
steps/staple_luo-si-fen/step_6.jpg	1542815
steps/staple_luo-si-fen/step_7.jpg	1480092
steps/staple_luo-si-fen/step_8.jpg	1737753
steps/staple_ma-la-jian-zhi-qiao-mai-mian/step_1.jpg	1738046
steps/staple_ma-la-jian-zhi-qiao-mai-mian/step_2.jpg	1466388
steps/staple_ma-la-jian-zhi-qiao-mai-mian/step_3.jpg	1632176
steps/staple_ma-la-jian-zhi-qiao-mai-mian/step_4.jpg	1637829
steps/staple_ma-la-jian-zhi-qiao-mai-mian/step_5.jpg	1607989
steps/staple_ma-you-ban-mian/step_1.jpg	1295001
steps/staple_ma-you-ban-mian/step_2.jpg	1520700
steps/staple_ma-you-ban-mian/step_3.jpg	1513243
steps/staple_ma-you-ban-mian/step_4.jpg	1601111
steps/staple_ma-you-ban-mian/step_5.jpg	1433161
steps/staple_ma-you-ban-mian/step_6.jpg	1543486
steps/staple_ma-you-ban-mian/step_7.jpg	1667946
steps/staple_re-gan-mian/step_1.jpg	1565778
steps/staple_re-gan-mian/step_2.jpg	1738170
steps/staple_re-gan-mian/step_3.jpg	1457646
steps/staple_re-gan-mian/step_4.jpg	1503940
steps/staple_re-gan-mian/step_5.jpg	1688815
steps/staple_re-gan-mian/step_6.jpg	1499960
steps/staple_rou-dan-gai-fan/step_1.jpg	1306288
steps/staple_rou-dan-gai-fan/step_2.jpg	1612229
steps/staple_rou-dan-gai-fan/step_3.jpg	1536815
steps/staple_rou-dan-gai-fan/step_4.jpg	1392122
steps/staple_rou-dan-gai-fan/step_5.jpg	1263955
steps/staple_rou-dan-gai-fan/step_6.jpg	1411513
steps/staple_rou-dan-gai-fan/step_7.jpg	1787113
steps/staple_rou-dan-gai-fan/step_8.jpg	1579822
steps/staple_shou-gong-shui-jiao/step_1.jpg	1749599
steps/staple_shou-gong-shui-jiao/step_2.jpg	1611166
steps/staple_shou-gong-shui-jiao/step_3.jpg	1481249
steps/staple_shou-gong-shui-jiao/step_4.jpg	1598698
steps/staple_shou-gong-shui-jiao/step_5.jpg	1674485
steps/staple_shou-gong-shui-jiao/step_6.jpg	1687742
steps/staple_shou-gong-shui-jiao/step_7.jpg	1542144
steps/staple_shou-gong-shui-jiao/step_8.jpg	1245112
steps/staple_shou-gong-shui-jiao/step_9.jpg	1343572
steps/staple_suan-la-jue-gen-fen/step_1.jpg	1575029
steps/staple_suan-la-jue-gen-fen/step_2.jpg	1719811
steps/staple_suan-la-jue-gen-fen/step_3.jpg	1565631
steps/staple_suan-la-jue-gen-fen/step_4.jpg	1784349
steps/staple_suan-la-jue-gen-fen/step_5.jpg	1670595
steps/staple_tang-mian/step_1.jpg	1570351
steps/staple_tang-mian/step_2.jpg	1510361
steps/staple_tang-mian/step_3.jpg	1473616
steps/staple_tang-mian/step_4.jpg	1441905
steps/staple_tang-mian/step_5.jpg	1490566
steps/staple_tang-mian/step_6.jpg	1411056
steps/staple_tang-mian/step_7.jpg	1478015
steps/staple_xian-rou-cai-fan/step_1.jpg	1307829
steps/staple_xian-rou-cai-fan/step_2.jpg	1567440
steps/staple_xian-rou-cai-fan/step_3.jpg	1743417
steps/staple_xian-rou-cai-fan/step_4.jpg	1447389
steps/staple_xian-rou-cai-fan/step_5.jpg	1672423
steps/staple_xian-rou-cai-fan/step_6.jpg	1430616
steps/staple_xian-rou-cai-fan/step_7.jpg	1561213
steps/staple_xian-rou-cai-fan/step_8.jpg	1600248
steps/staple_xian-rou-cai-fan/step_9.jpg	1770593
steps/staple_xian-rou-shao-mai/step_1.jpg	1481713
steps/staple_xian-rou-shao-mai/step_10.jpg	1722594
steps/staple_xian-rou-shao-mai/step_2.jpg	1361027
steps/staple_xian-rou-shao-mai/step_3.jpg	1562778
steps/staple_xian-rou-shao-mai/step_4.jpg	1403344
steps/staple_xian-rou-shao-mai/step_5.jpg	1635854
steps/staple_xian-rou-shao-mai/step_6.jpg	1631004
steps/staple_xian-rou-shao-mai/step_7.jpg	1708819
steps/staple_xian-rou-shao-mai/step_8.jpg	1439126
steps/staple_xian-rou-shao-mai/step_9.jpg	1276394
steps/staple_yin-du-kao-bing/step_1.jpg	1610311
steps/staple_yin-du-kao-bing/step_2.jpg	1477401
steps/staple_yin-du-kao-bing/step_3.jpg	1520458
steps/staple_yin-du-kao-bing/step_4.jpg	1514385
steps/staple_yin-du-kao-bing/step_5.jpg	1524067
steps/staple_yin-du-kao-bing/step_6.jpg	1579063
steps/staple_yin-du-kao-bing/step_7.jpg	1316174
steps/staple_yin-du-kao-bing/step_8.jpg	1802173
steps/staple_yin-du-men-fan--biryani/step_1.jpg	1881771
steps/staple_yin-du-men-fan--biryani/step_2.jpg	1532841
steps/staple_yin-du-men-fan--biryani/step_3.jpg	1746838
steps/staple_yin-du-men-fan--biryani/step_4.jpg	1918955
steps/staple_yin-du-men-fan--biryani/step_5.jpg	1449855
steps/staple_yin-du-men-fan--biryani/step_6.jpg	1813416
steps/staple_ying-zui-dou-zha-bing--chole-bhature/step_1.jpg	1408600
steps/staple_ying-zui-dou-zha-bing--chole-bhature/step_2.jpg	1098533
steps/staple_ying-zui-dou-zha-bing--chole-bhature/step_3.jpg	1621435
steps/staple_ying-zui-dou-zha-bing--chole-bhature/step_4.jpg	1900227
steps/staple_ying-zui-dou-zha-bing--chole-bhature/step_5.jpg	1761021
steps/staple_ying-zui-dou-zha-bing--chole-bhature/step_6.jpg	1666891
steps/staple_ying-zui-dou-zha-bing--chole-bhature/step_7.jpg	1457726
steps/staple_zha-jiang-mian/step_1.jpg	1437130
steps/staple_zha-jiang-mian/step_2.jpg	1516607
steps/staple_zha-jiang-mian/step_3.jpg	1539299
steps/staple_zha-jiang-mian/step_4.jpg	1265381
steps/staple_zha-jiang-mian/step_5.jpg	1380142
steps/staple_zha-jiang-mian/step_6.jpg	1289024
steps/staple_zha-jiang-mian/step_7.jpg	1575473
steps/staple_zhao-shao-ji-tui-fan/step_1.jpg	1524509
steps/staple_zhao-shao-ji-tui-fan/step_10.jpg	1677722
steps/staple_zhao-shao-ji-tui-fan/step_11.jpg	1773102
steps/staple_zhao-shao-ji-tui-fan/step_12.jpg	1731399
steps/staple_zhao-shao-ji-tui-fan/step_2.jpg	1490854
steps/staple_zhao-shao-ji-tui-fan/step_3.jpg	1490311
steps/staple_zhao-shao-ji-tui-fan/step_4.jpg	1594993
steps/staple_zhao-shao-ji-tui-fan/step_5.jpg	1500992
steps/staple_zhao-shao-ji-tui-fan/step_6.jpg	1504936
steps/staple_zhao-shao-ji-tui-fan/step_7.jpg	1478948
steps/staple_zhao-shao-ji-tui-fan/step_8.jpg	1574664
steps/staple_zhao-shao-ji-tui-fan/step_9.jpg	1681488
steps/staple_zheng-lu-mian/step_1.jpg	1529845
steps/staple_zheng-lu-mian/step_2.jpg	1784464
steps/staple_zheng-lu-mian/step_3.jpg	1555859
steps/staple_zheng-lu-mian/step_4.jpg	1657916
steps/staple_zheng-lu-mian/step_5.jpg	1402192
steps/staple_zheng-lu-mian/step_6.jpg	1424231
steps/staple_zheng-lu-mian/step_7.jpg	1496244
steps/staple_zhu-pao-mian-jia-dan/step_1.jpg	1338510
steps/staple_zhu-pao-mian-jia-dan/step_2.jpg	1415984
steps/staple_zhu-pao-mian-jia-dan/step_3.jpg	1459473
steps/staple_zhu-pao-mian-jia-dan/step_4.jpg	1361173
steps/staple_zhu-pao-mian-jia-dan/step_5.jpg	1540979
steps/staple_zhu-pao-mian-jia-dan/step_6.jpg	1371718
steps/staple_zhu-pao-mian-jia-dan/step_7.jpg	1477537
steps/staple_zhu-you-ban-fan/step_1.jpg	1221311
steps/staple_zhu-you-ban-fan/step_2.jpg	1533149
steps/staple_zhu-you-ban-fan/step_3.jpg	1475841
steps/staple_zhu-you-ban-fan/step_4.jpg	1613448
steps/staple_zhu-you-ban-fan/step_5.jpg	1582074
steps/vegetable_dish_chao-qie-zi/step_1.jpg	1343592
steps/vegetable_dish_chao-qie-zi/step_2.jpg	1670451
steps/vegetable_dish_chao-qie-zi/step_3.jpg	1662240
steps/vegetable_dish_chao-qie-zi/step_4.jpg	1665507
steps/vegetable_dish_chao-qie-zi/step_5.jpg	1639737
steps/vegetable_dish_chao-qie-zi/step_6.jpg	1553675
steps/vegetable_dish_chao-qie-zi/step_7.jpg	1570965
steps/vegetable_dish_chao-qie-zi/step_8.jpg	1454700
steps/vegetable_dish_chao-qie-zi/step_9.jpg	1637230
steps/vegetable_dish_chao-qing-cai/step_1.jpg	1618246
steps/vegetable_dish_chao-qing-cai/step_2.jpg	1202848
steps/vegetable_dish_chao-qing-cai/step_3.jpg	1434070
steps/vegetable_dish_chao-qing-cai/step_4.jpg	1463442
steps/vegetable_dish_chao-qing-cai/step_5.jpg	1479065
steps/vegetable_dish_chao-qing-cai/step_6.jpg	1482686
steps/vegetable_dish_chao-qing-cai/step_7.jpg	1698681
steps/vegetable_dish_chao-qing-cai/step_8.jpg	1421083
steps/vegetable_dish_cong-jian-dou-fu/step_1.jpg	1774239
steps/vegetable_dish_cong-jian-dou-fu/step_2.jpg	1186390
steps/vegetable_dish_cong-jian-dou-fu/step_3.jpg	1527125
steps/vegetable_dish_cong-jian-dou-fu/step_4.jpg	1613949
steps/vegetable_dish_cong-jian-dou-fu/step_5.jpg	1411523
steps/vegetable_dish_cong-jian-dou-fu/step_6.jpg	1643432
steps/vegetable_dish_cong-jian-dou-fu/step_7.jpg	1680244
steps/vegetable_dish_cong-jian-dou-fu/step_8.jpg	1758993
steps/vegetable_dish_cong-jian-dou-fu/step_9.jpg	1552473
steps/vegetable_dish_cui-pi-dou-fu/step_1.jpg	1138943
steps/vegetable_dish_cui-pi-dou-fu/step_2.jpg	1578054
steps/vegetable_dish_cui-pi-dou-fu/step_3.jpg	1432415
steps/vegetable_dish_cui-pi-dou-fu/step_4.jpg	1370095
steps/vegetable_dish_cui-pi-dou-fu/step_5.jpg	1696668
steps/vegetable_dish_cui-pi-dou-fu/step_6.jpg	1793027
steps/vegetable_dish_cui-pi-dou-fu/step_7.jpg	1642682
steps/vegetable_dish_cui-pi-dou-fu/step_8.jpg	1688312
steps/vegetable_dish_hao-you-sheng-cai/step_1.jpg	1632983
steps/vegetable_dish_hao-you-sheng-cai/step_2.jpg	1831744
steps/vegetable_dish_hao-you-sheng-cai/step_3.jpg	1582921
steps/vegetable_dish_hao-you-sheng-cai/step_4.jpg	1690979
steps/vegetable_dish_hao-you-sheng-cai/step_5.jpg	1629944
steps/vegetable_dish_hao-you-sheng-cai/step_6.jpg	1735438
steps/vegetable_dish_hao-you-sheng-cai/step_7.jpg	1530576
steps/vegetable_dish_hao-you-sheng-cai/step_8.jpg	1559988
steps/vegetable_dish_hong-shao-qie-zi/step_1.jpg	1635065
steps/vegetable_dish_hong-shao-qie-zi/step_10.jpg	1549110
steps/vegetable_dish_hong-shao-qie-zi/step_11.jpg	1663634
steps/vegetable_dish_hong-shao-qie-zi/step_12.jpg	1484730
steps/vegetable_dish_hong-shao-qie-zi/step_2.jpg	1382808
steps/vegetable_dish_hong-shao-qie-zi/step_3.jpg	1512694
steps/vegetable_dish_hong-shao-qie-zi/step_4.jpg	1403809
steps/vegetable_dish_hong-shao-qie-zi/step_5.jpg	1520752
steps/vegetable_dish_hong-shao-qie-zi/step_6.jpg	1118294
steps/vegetable_dish_hong-shao-qie-zi/step_7.jpg	1170661
steps/vegetable_dish_hong-shao-qie-zi/step_8.jpg	1574284
steps/vegetable_dish_hong-shao-qie-zi/step_9.jpg	1655171
steps/vegetable_dish_ji-dan-huo-tui-chao-huang-gua/step_1.jpg	1513927
steps/vegetable_dish_ji-dan-huo-tui-chao-huang-gua/step_2.jpg	1715715
steps/vegetable_dish_ji-dan-huo-tui-chao-huang-gua/step_3.jpg	1501518
steps/vegetable_dish_ji-dan-huo-tui-chao-huang-gua/step_4.jpg	1445730
steps/vegetable_dish_ji-dan-huo-tui-chao-huang-gua/step_5.jpg	1709974
steps/vegetable_dish_ji-dan-huo-tui-chao-huang-gua/step_6.jpg	1345876
steps/vegetable_dish_ji-dan-huo-tui-chao-huang-gua/step_7.jpg	1320075
steps/vegetable_dish_ji-dan-huo-tui-chao-huang-gua/step_8.jpg	1488216
steps/vegetable_dish_ji-dan-huo-tui-chao-huang-gua/step_9.jpg	1587864
steps/vegetable_dish_jia-chang-ri-ben-dou-fu/step_1.jpg	1825005
steps/vegetable_dish_jia-chang-ri-ben-dou-fu/step_2.jpg	1525770
steps/vegetable_dish_jia-chang-ri-ben-dou-fu/step_3.jpg	1404590
steps/vegetable_dish_jia-chang-ri-ben-dou-fu/step_4.jpg	1347739
steps/vegetable_dish_jia-chang-ri-ben-dou-fu/step_5.jpg	1848768
steps/vegetable_dish_jia-chang-ri-ben-dou-fu/step_6.jpg	1544592
steps/vegetable_dish_jia-chang-ri-ben-dou-fu/step_7.jpg	1703217
steps/vegetable_dish_jia-chang-ri-ben-dou-fu/step_8.jpg	1420551
steps/vegetable_dish_jia-chang-ri-ben-dou-fu/step_9.jpg	1503190
steps/vegetable_dish_jin-qian-dan/step_1.jpg	1372065
steps/vegetable_dish_jin-qian-dan/step_10.jpg	1706414
steps/vegetable_dish_jin-qian-dan/step_2.jpg	1275188
steps/vegetable_dish_jin-qian-dan/step_3.jpg	1518444
steps/vegetable_dish_jin-qian-dan/step_4.jpg	1457904
steps/vegetable_dish_jin-qian-dan/step_5.jpg	1536170
steps/vegetable_dish_jin-qian-dan/step_6.jpg	1342940
steps/vegetable_dish_jin-qian-dan/step_7.jpg	1623650
steps/vegetable_dish_jin-qian-dan/step_8.jpg	1674551
steps/vegetable_dish_jin-qian-dan/step_9.jpg	1533779
steps/vegetable_dish_jin-zhen-gu-ri-ben-dou-fu-bao/step_1.jpg	1569297
steps/vegetable_dish_jin-zhen-gu-ri-ben-dou-fu-bao/step_2.jpg	1610284
steps/vegetable_dish_jin-zhen-gu-ri-ben-dou-fu-bao/step_3.jpg	1655448
steps/vegetable_dish_lei-jiao-pi-dan/step_1.jpg	1841487
steps/vegetable_dish_lei-jiao-pi-dan/step_2.jpg	1465732
steps/vegetable_dish_lei-jiao-pi-dan/step_3.jpg	1394139
steps/vegetable_dish_lei-jiao-pi-dan/step_4.jpg	1374753
steps/vegetable_dish_lei-jiao-pi-dan/step_5.jpg	1617229
steps/vegetable_dish_lei-jiao-pi-dan/step_6.jpg	1608591
steps/vegetable_dish_lei-jiao-pi-dan/step_7.jpg	1894552
steps/vegetable_dish_lei-jiao-pi-dan/step_8.jpg	1738556
steps/vegetable_dish_liang-ban-dou-fu/step_1.jpg	1584611
steps/vegetable_dish_liang-ban-dou-fu/step_10.jpg	1598411
steps/vegetable_dish_liang-ban-dou-fu/step_11.jpg	1623737
steps/vegetable_dish_liang-ban-dou-fu/step_12.jpg	1471083
steps/vegetable_dish_liang-ban-dou-fu/step_13.jpg	1678817
steps/vegetable_dish_liang-ban-dou-fu/step_2.jpg	1669891
steps/vegetable_dish_liang-ban-dou-fu/step_3.jpg	1229048
steps/vegetable_dish_liang-ban-dou-fu/step_4.jpg	1274692
steps/vegetable_dish_liang-ban-dou-fu/step_5.jpg	1148173
steps/vegetable_dish_liang-ban-dou-fu/step_6.jpg	1330037
steps/vegetable_dish_liang-ban-dou-fu/step_7.jpg	1471391
steps/vegetable_dish_liang-ban-dou-fu/step_8.jpg	1775632
steps/vegetable_dish_liang-ban-dou-fu/step_9.jpg	1460258
steps/vegetable_dish_liang-ban-huang-gua/step_1.jpg	1425462
steps/vegetable_dish_liang-ban-huang-gua/step_2.jpg	1464495
steps/vegetable_dish_liang-ban-huang-gua/step_3.jpg	1504872
steps/vegetable_dish_liang-ban-huang-gua/step_4.jpg	1586500
steps/vegetable_dish_liang-ban-huang-gua/step_5.jpg	1619074
steps/vegetable_dish_liang-ban-huang-gua/step_6.jpg	1508976
steps/vegetable_dish_liang-ban-jin-zhen-gu/step_1.jpg	1728604
steps/vegetable_dish_liang-ban-jin-zhen-gu/step_10.jpg	1680355
steps/vegetable_dish_liang-ban-jin-zhen-gu/step_11.jpg	1596575
steps/vegetable_dish_liang-ban-jin-zhen-gu/step_12.jpg	1617940
steps/vegetable_dish_liang-ban-jin-zhen-gu/step_13.jpg	1507758
steps/vegetable_dish_liang-ban-jin-zhen-gu/step_2.jpg	1416421
steps/vegetable_dish_liang-ban-jin-zhen-gu/step_3.jpg	1569836
steps/vegetable_dish_liang-ban-jin-zhen-gu/step_4.jpg	1535921
steps/vegetable_dish_liang-ban-jin-zhen-gu/step_5.jpg	1355610
steps/vegetable_dish_liang-ban-jin-zhen-gu/step_6.jpg	1723259
steps/vegetable_dish_liang-ban-jin-zhen-gu/step_7.jpg	1377632
steps/vegetable_dish_liang-ban-jin-zhen-gu/step_8.jpg	1478469
steps/vegetable_dish_liang-ban-jin-zhen-gu/step_9.jpg	1462823
steps/vegetable_dish_liang-ban-you-mai-cai/step_1.jpg	1377701
steps/vegetable_dish_liang-ban-you-mai-cai/step_2.jpg	1619603
steps/vegetable_dish_liang-ban-you-mai-cai/step_3.jpg	1347888
steps/vegetable_dish_liang-ban-you-mai-cai/step_4.jpg	1493024
steps/vegetable_dish_pi-dan-dou-fu/step_1.jpg	1638172
steps/vegetable_dish_pi-dan-dou-fu/step_2.jpg	1294305
steps/vegetable_dish_pi-dan-dou-fu/step_3.jpg	1640825
steps/vegetable_dish_pi-dan-dou-fu/step_4.jpg	1700121
steps/vegetable_dish_pu-shao-qie-zi/step_1.jpg	1454470
steps/vegetable_dish_pu-shao-qie-zi/step_2.jpg	1662942
steps/vegetable_dish_pu-shao-qie-zi/step_3.jpg	1492725
steps/vegetable_dish_pu-shao-qie-zi/step_4.jpg	1717488
steps/vegetable_dish_pu-shao-qie-zi/step_5.jpg	1473594
steps/vegetable_dish_pu-shao-qie-zi/step_6.jpg	1614487
steps/vegetable_dish_pu-shao-qie-zi/step_7.jpg	1703709
steps/vegetable_dish_pu-shao-qie-zi/step_8.jpg	1706611
steps/vegetable_dish_qie-zi-dun-tu-dou/step_1.jpg	1669498
steps/vegetable_dish_qie-zi-dun-tu-dou/step_10.jpg	1667547
steps/vegetable_dish_qie-zi-dun-tu-dou/step_2.jpg	1315799
steps/vegetable_dish_qie-zi-dun-tu-dou/step_3.jpg	1477069
steps/vegetable_dish_qie-zi-dun-tu-dou/step_4.jpg	1272259
steps/vegetable_dish_qie-zi-dun-tu-dou/step_5.jpg	1679060
steps/vegetable_dish_qie-zi-dun-tu-dou/step_6.jpg	1523445
steps/vegetable_dish_qie-zi-dun-tu-dou/step_7.jpg	1504877
steps/vegetable_dish_qie-zi-dun-tu-dou/step_8.jpg	1691876
steps/vegetable_dish_qie-zi-dun-tu-dou/step_9.jpg	1650737
steps/vegetable_dish_qing-chao-hua-cai/step_1.jpg	1460549
steps/vegetable_dish_qing-chao-hua-cai/step_10.jpg	1510910
steps/vegetable_dish_qing-chao-hua-cai/step_11.jpg	1362259
steps/vegetable_dish_qing-chao-hua-cai/step_2.jpg	1356325
steps/vegetable_dish_qing-chao-hua-cai/step_3.jpg	1563603
steps/vegetable_dish_qing-chao-hua-cai/step_4.jpg	1487815
steps/vegetable_dish_qing-chao-hua-cai/step_5.jpg	1660095
steps/vegetable_dish_qing-chao-hua-cai/step_6.jpg	1339329
steps/vegetable_dish_qing-chao-hua-cai/step_7.jpg	1816594
steps/vegetable_dish_qing-chao-hua-cai/step_8.jpg	1335475
steps/vegetable_dish_qing-chao-hua-cai/step_9.jpg	1299727
steps/vegetable_dish_qing-zheng-nan-gua/step_1.jpg	1320624
steps/vegetable_dish_qing-zheng-nan-gua/step_2.jpg	1426890
steps/vegetable_dish_qing-zheng-nan-gua/step_3.jpg	1610155
steps/vegetable_dish_qing-zheng-nan-gua/step_4.jpg	1415777
steps/vegetable_dish_qing-zheng-nan-gua/step_5.jpg	1439087
steps/vegetable_dish_qing-zheng-nan-gua/step_6.jpg	1527071
steps/vegetable_dish_qing-zheng-nan-gua/step_7.jpg	1437081
steps/vegetable_dish_shan-bei-ao-dou-jiao/step_1.jpg	1752534
steps/vegetable_dish_shan-bei-ao-dou-jiao/step_10.jpg	1705621
steps/vegetable_dish_shan-bei-ao-dou-jiao/step_11.jpg	1608679
steps/vegetable_dish_shan-bei-ao-dou-jiao/step_2.jpg	1629420
steps/vegetable_dish_shan-bei-ao-dou-jiao/step_3.jpg	1406916
steps/vegetable_dish_shan-bei-ao-dou-jiao/step_4.jpg	1522793
steps/vegetable_dish_shan-bei-ao-dou-jiao/step_5.jpg	1891633
steps/vegetable_dish_shan-bei-ao-dou-jiao/step_6.jpg	1535794
steps/vegetable_dish_shan-bei-ao-dou-jiao/step_7.jpg	1678024
steps/vegetable_dish_shan-bei-ao-dou-jiao/step_8.jpg	1693537
steps/vegetable_dish_shan-bei-ao-dou-jiao/step_9.jpg	1660066
steps/vegetable_dish_shui-you-men-shu-cai/step_1.jpg	1734470
steps/vegetable_dish_shui-you-men-shu-cai/step_2.jpg	1348717
steps/vegetable_dish_shui-you-men-shu-cai/step_3.jpg	1727898
steps/vegetable_dish_shui-you-men-shu-cai/step_4.jpg	1362857
steps/vegetable_dish_shui-you-men-shu-cai/step_5.jpg	1599500
steps/vegetable_dish_song-ren-yu-mi/step_1.jpg	1352043
steps/vegetable_dish_song-ren-yu-mi/step_2.jpg	1499887
steps/vegetable_dish_song-ren-yu-mi/step_3.jpg	1628711
steps/vegetable_dish_song-ren-yu-mi/step_4.jpg	1493513
steps/vegetable_dish_song-ren-yu-mi/step_5.jpg	1462047
steps/vegetable_dish_song-ren-yu-mi/step_6.jpg	1344902
steps/vegetable_dish_su-chao-dou-jiao/step_1.jpg	1527467
steps/vegetable_dish_su-chao-dou-jiao/step_10.jpg	1697877
steps/vegetable_dish_su-chao-dou-jiao/step_2.jpg	1557585
steps/vegetable_dish_su-chao-dou-jiao/step_3.jpg	1464056
steps/vegetable_dish_su-chao-dou-jiao/step_4.jpg	1577275
steps/vegetable_dish_su-chao-dou-jiao/step_5.jpg	1784530
steps/vegetable_dish_su-chao-dou-jiao/step_6.jpg	1608356
steps/vegetable_dish_su-chao-dou-jiao/step_7.jpg	1630264
steps/vegetable_dish_su-chao-dou-jiao/step_8.jpg	1712063
steps/vegetable_dish_su-chao-dou-jiao/step_9.jpg	1452225
steps/vegetable_dish_suan-la-tu-dou-si/step_1.jpg	1386817
steps/vegetable_dish_suan-la-tu-dou-si/step_2.jpg	1635456
steps/vegetable_dish_suan-la-tu-dou-si/step_3.jpg	1551907
steps/vegetable_dish_suan-la-tu-dou-si/step_4.jpg	1603810
steps/vegetable_dish_suan-la-tu-dou-si/step_5.jpg	1382449
steps/vegetable_dish_suan-la-tu-dou-si/step_6.jpg	1455372
steps/vegetable_dish_suan-la-tu-dou-si/step_7.jpg	1517672
steps/vegetable_dish_suan-rong-xi-lan-hua/step_1.jpg	1643626
steps/vegetable_dish_suan-rong-xi-lan-hua/step_2.jpg	1458942
steps/vegetable_dish_suan-rong-xi-lan-hua/step_3.jpg	1229084
steps/vegetable_dish_suan-rong-xi-lan-hua/step_4.jpg	1563295
steps/vegetable_dish_suan-rong-xi-lan-hua/step_5.jpg	1429816
steps/vegetable_dish_suan-rong-xi-lan-hua/step_6.jpg	1639069
steps/vegetable_dish_suan-rong-xi-lan-hua/step_7.jpg	1486858
steps/vegetable_dish_suan-rong-xi-lan-hua/step_8.jpg	1604686
steps/vegetable_dish_suan-rong-xi-lan-hua/step_9.jpg	1676328
steps/vegetable_dish_xi-hong-shi-chao-ji-dan/step_1.jpg	1335828
steps/vegetable_dish_xi-hong-shi-chao-ji-dan/step_10.jpg	1507700
steps/vegetable_dish_xi-hong-shi-chao-ji-dan/step_11.jpg	1679625
steps/vegetable_dish_xi-hong-shi-chao-ji-dan/step_2.jpg	1550392
steps/vegetable_dish_xi-hong-shi-chao-ji-dan/step_3.jpg	1494789
steps/vegetable_dish_xi-hong-shi-chao-ji-dan/step_4.jpg	1441547
steps/vegetable_dish_xi-hong-shi-chao-ji-dan/step_5.jpg	1249435
steps/vegetable_dish_xi-hong-shi-chao-ji-dan/step_6.jpg	1456322
steps/vegetable_dish_xi-hong-shi-chao-ji-dan/step_7.jpg	1530792
steps/vegetable_dish_xi-hong-shi-chao-ji-dan/step_8.jpg	1401889
steps/vegetable_dish_xi-hong-shi-chao-ji-dan/step_9.jpg	1539468
steps/vegetable_dish_yin-du-hu-lu-wan-zi/step_1.jpg	1557451
steps/vegetable_dish_yin-du-hu-lu-wan-zi/step_10.jpg	1895967
steps/vegetable_dish_yin-du-hu-lu-wan-zi/step_2.jpg	1356529
steps/vegetable_dish_yin-du-hu-lu-wan-zi/step_3.jpg	1472095
steps/vegetable_dish_yin-du-hu-lu-wan-zi/step_4.jpg	1575236
steps/vegetable_dish_yin-du-hu-lu-wan-zi/step_5.jpg	1625446
steps/vegetable_dish_yin-du-hu-lu-wan-zi/step_6.jpg	1591865
steps/vegetable_dish_yin-du-hu-lu-wan-zi/step_7.jpg	1567636
steps/vegetable_dish_yin-du-hu-lu-wan-zi/step_8.jpg	1653687
steps/vegetable_dish_yin-du-hu-lu-wan-zi/step_9.jpg	1764464
steps/vegetable_dish_yin-du-tu-dou-hua-cai--aloo-gobi/step_1.jpg	1339912
steps/vegetable_dish_yin-du-tu-dou-hua-cai--aloo-gobi/step_10.jpg	1632429
steps/vegetable_dish_yin-du-tu-dou-hua-cai--aloo-gobi/step_11.jpg	1638417
steps/vegetable_dish_yin-du-tu-dou-hua-cai--aloo-gobi/step_12.jpg	1768707
steps/vegetable_dish_yin-du-tu-dou-hua-cai--aloo-gobi/step_13.jpg	1783366
steps/vegetable_dish_yin-du-tu-dou-hua-cai--aloo-gobi/step_14.jpg	1646345
steps/vegetable_dish_yin-du-tu-dou-hua-cai--aloo-gobi/step_15.jpg	1458391
steps/vegetable_dish_yin-du-tu-dou-hua-cai--aloo-gobi/step_2.jpg	1527635
steps/vegetable_dish_yin-du-tu-dou-hua-cai--aloo-gobi/step_3.jpg	1343670
steps/vegetable_dish_yin-du-tu-dou-hua-cai--aloo-gobi/step_4.jpg	1670810
steps/vegetable_dish_yin-du-tu-dou-hua-cai--aloo-gobi/step_5.jpg	1447609
steps/vegetable_dish_yin-du-tu-dou-hua-cai--aloo-gobi/step_6.jpg	1592208
steps/vegetable_dish_yin-du-tu-dou-hua-cai--aloo-gobi/step_7.jpg	1880652
steps/vegetable_dish_yin-du-tu-dou-hua-cai--aloo-gobi/step_8.jpg	1625384
steps/vegetable_dish_yin-du-tu-dou-hua-cai--aloo-gobi/step_9.jpg	1616772
steps/vegetable_dish_you-cu-bao-dan/step_1.jpg	1231234
steps/vegetable_dish_you-cu-bao-dan/step_2.jpg	1620506
steps/vegetable_dish_you-cu-bao-dan/step_3.jpg	1336796
steps/vegetable_dish_you-cu-bao-dan/step_4.jpg	1302131
steps/vegetable_dish_you-cu-bao-dan/step_5.jpg	1781472
steps/vegetable_dish_you-cu-bao-dan/step_6.jpg	1826850
